-----------------------------------STARTS 20082018-----------------------------------------

Insert into KRCR_PARM_T (NMSPC_CD,CMPNT_CD,PARM_NM,OBJ_ID,VER_NBR,PARM_TYP_CD,VAL,PARM_DESC_TXT,EVAL_OPRTR_CD,APPL_ID) values ('KC-GEN','All','BUDGET_RESEARCH_OH_ON',UUID(),1,'CONFG','422121','KC Companion Research OH ON Cost Element','A','KC');
Insert into KRCR_PARM_T (NMSPC_CD,CMPNT_CD,PARM_NM,OBJ_ID,VER_NBR,PARM_TYP_CD,VAL,PARM_DESC_TXT,EVAL_OPRTR_CD,APPL_ID) values ('KC-GEN','All','BUDGET_OH_ON',UUID(),1,'CONFG','422123','KC Companion OH ON Cost Element','A','KC');
Insert into KRCR_PARM_T (NMSPC_CD,CMPNT_CD,PARM_NM,OBJ_ID,VER_NBR,PARM_TYP_CD,VAL,PARM_DESC_TXT,EVAL_OPRTR_CD,APPL_ID) values ('KC-GEN','All','BUDGET_FRINGE_ON',UUID(),1,'CONFG','422127','KC Companion Fringe ON Cost Element','A','KC');
commit;


insert into budget_category_type(BUDGET_CATEGORY_TYPE_CODE, DESCRIPTION, 
SORT_ID, UPDATE_TIMESTAMP, UPDATE_USER)
values('N','Summary Items',7,now(),'admin');

insert into budget_category(BUDGET_CATEGORY_CODE, DESCRIPTION, 
CATEGORY_TYPE, UPDATE_TIMESTAMP, UPDATE_USER)
values(38,'Award Budget Non Specified Personnel','N',now(),'admin');


Insert into cost_element (COST_ELEMENT,DESCRIPTION,BUDGET_CATEGORY_CODE,ON_OFF_CAMPUS_FLAG,UPDATE_TIMESTAMP,UPDATE_USER,ACTIVE_FLAG,FIN_OBJECT_CODE) values ('420198','Insurance Premiums','19','N',now(),'admin','Y',null);
Insert into cost_element (COST_ELEMENT,DESCRIPTION,BUDGET_CATEGORY_CODE,ON_OFF_CAMPUS_FLAG,UPDATE_TIMESTAMP,UPDATE_USER,ACTIVE_FLAG,FIN_OBJECT_CODE) values ('422121','Over Head','38','N',now(),'admin','N',null);
Insert into cost_element (COST_ELEMENT,DESCRIPTION,BUDGET_CATEGORY_CODE,ON_OFF_CAMPUS_FLAG,UPDATE_TIMESTAMP,UPDATE_USER,ACTIVE_FLAG,FIN_OBJECT_CODE) values ('422123','Fund Fee','38','N',now(),'admin','N',null);
Insert into cost_element (COST_ELEMENT,DESCRIPTION,BUDGET_CATEGORY_CODE,ON_OFF_CAMPUS_FLAG,UPDATE_TIMESTAMP,UPDATE_USER,ACTIVE_FLAG,FIN_OBJECT_CODE) values ('422127','Fringe Benefits','38','N',now(),'admin','N',null);

-----------------------------------------------------------ENDS 20082018--------------------------------------------------------------------
Insert into FIBI_BUDGET_CATEGORY_TYPE (BUDGET_CATEGORY_TYPE_CODE,DESCRIPTION,SORT_ID,UPDATE_TIMESTAMP,UPDATE_USER) values ('E','Equipment',2,now(),'admin');
Insert into FIBI_BUDGET_CATEGORY_TYPE (BUDGET_CATEGORY_TYPE_CODE,DESCRIPTION,SORT_ID,UPDATE_TIMESTAMP,UPDATE_USER) values ('H','Proposal Hierarchy Sub-Projects',6,now(),'admin');
Insert into FIBI_BUDGET_CATEGORY_TYPE (BUDGET_CATEGORY_TYPE_CODE,DESCRIPTION,SORT_ID,UPDATE_TIMESTAMP,UPDATE_USER) values ('O','Other Direct',5,now(),'admin');
Insert into FIBI_BUDGET_CATEGORY_TYPE (BUDGET_CATEGORY_TYPE_CODE,DESCRIPTION,SORT_ID,UPDATE_TIMESTAMP,UPDATE_USER) values ('P','Personnel',1,now(),'admin');
Insert into FIBI_BUDGET_CATEGORY_TYPE (BUDGET_CATEGORY_TYPE_CODE,DESCRIPTION,SORT_ID,UPDATE_TIMESTAMP,UPDATE_USER) values ('S','Participant Support',4,now(),'admin');
Insert into FIBI_BUDGET_CATEGORY_TYPE (BUDGET_CATEGORY_TYPE_CODE,DESCRIPTION,SORT_ID,UPDATE_TIMESTAMP,UPDATE_USER) values ('T','Travel',3,now(),'admin');
Insert into FIBI_BUDGET_CATEGORY_TYPE (BUDGET_CATEGORY_TYPE_CODE,DESCRIPTION,SORT_ID,UPDATE_TIMESTAMP,UPDATE_USER) values ('N','Summary Items',7,now(),'admin');

Insert into FIBI_BUDGET_CATEGORY (BUDGET_CATEGORY_CODE,BUDGET_CATEGORY_TYPE_CODE,DESCRIPTION,UPDATE_TIMESTAMP,UPDATE_USER) values ('39','P','EOM',now(),'admin');
Insert into FIBI_BUDGET_CATEGORY (BUDGET_CATEGORY_CODE,BUDGET_CATEGORY_TYPE_CODE,DESCRIPTION,UPDATE_TIMESTAMP,UPDATE_USER) values ('42','S','RS',now(),'admin');
Insert into FIBI_BUDGET_CATEGORY (BUDGET_CATEGORY_CODE,BUDGET_CATEGORY_TYPE_CODE,DESCRIPTION,UPDATE_TIMESTAMP,UPDATE_USER) values ('41','E','EQPT',now(),'admin');
Insert into FIBI_BUDGET_CATEGORY (BUDGET_CATEGORY_CODE,BUDGET_CATEGORY_TYPE_CODE,DESCRIPTION,UPDATE_TIMESTAMP,UPDATE_USER) values ('40','O','OOE',now(),'admin');
Insert into FIBI_BUDGET_CATEGORY (BUDGET_CATEGORY_CODE,BUDGET_CATEGORY_TYPE_CODE,DESCRIPTION,UPDATE_TIMESTAMP,UPDATE_USER) values ('1','P','Senior Personnel',now(),'admin');
Insert into FIBI_BUDGET_CATEGORY (BUDGET_CATEGORY_CODE,BUDGET_CATEGORY_TYPE_CODE,DESCRIPTION,UPDATE_TIMESTAMP,UPDATE_USER) values ('2','S','Trainee/Participant Costs - Other',now(),'admin');
Insert into FIBI_BUDGET_CATEGORY (BUDGET_CATEGORY_CODE,BUDGET_CATEGORY_TYPE_CODE,DESCRIPTION,UPDATE_TIMESTAMP,UPDATE_USER) values ('3','O','Materials ',now(),'admin');
Insert into FIBI_BUDGET_CATEGORY (BUDGET_CATEGORY_CODE,BUDGET_CATEGORY_TYPE_CODE,DESCRIPTION,UPDATE_TIMESTAMP,UPDATE_USER) values ('4','O','Human Subjects',now(),'admin');
Insert into FIBI_BUDGET_CATEGORY (BUDGET_CATEGORY_CODE,BUDGET_CATEGORY_TYPE_CODE,DESCRIPTION,UPDATE_TIMESTAMP,UPDATE_USER) values ('5','O','Vertebrate Animals',now(),'admin');
Insert into FIBI_BUDGET_CATEGORY (BUDGET_CATEGORY_CODE,BUDGET_CATEGORY_TYPE_CODE,DESCRIPTION,UPDATE_TIMESTAMP,UPDATE_USER) values ('6','O','Publication Costs/Documentation/Dissemenation',now(),'admin');
Insert into FIBI_BUDGET_CATEGORY (BUDGET_CATEGORY_CODE,BUDGET_CATEGORY_TYPE_CODE,DESCRIPTION,UPDATE_TIMESTAMP,UPDATE_USER) values ('7','T','Travel - Domestic',now(),'admin');
Insert into FIBI_BUDGET_CATEGORY (BUDGET_CATEGORY_CODE,BUDGET_CATEGORY_TYPE_CODE,DESCRIPTION,UPDATE_TIMESTAMP,UPDATE_USER) values ('8','O','Alteration and Renovations',now(),'admin');
Insert into FIBI_BUDGET_CATEGORY (BUDGET_CATEGORY_CODE,BUDGET_CATEGORY_TYPE_CODE,DESCRIPTION,UPDATE_TIMESTAMP,UPDATE_USER) values ('9','O','Inpatient Care Costs',now(),'admin');
Insert into FIBI_BUDGET_CATEGORY (BUDGET_CATEGORY_CODE,BUDGET_CATEGORY_TYPE_CODE,DESCRIPTION,UPDATE_TIMESTAMP,UPDATE_USER) values ('10','O','Duplicating',now(),'admin');
Insert into FIBI_BUDGET_CATEGORY (BUDGET_CATEGORY_CODE,BUDGET_CATEGORY_TYPE_CODE,DESCRIPTION,UPDATE_TIMESTAMP,UPDATE_USER) values ('11','O','Postage',now(),'admin');
Insert into FIBI_BUDGET_CATEGORY (BUDGET_CATEGORY_CODE,BUDGET_CATEGORY_TYPE_CODE,DESCRIPTION,UPDATE_TIMESTAMP,UPDATE_USER) values ('12','O','Telephone, Fax',now(),'admin');
Insert into FIBI_BUDGET_CATEGORY (BUDGET_CATEGORY_CODE,BUDGET_CATEGORY_TYPE_CODE,DESCRIPTION,UPDATE_TIMESTAMP,UPDATE_USER) values ('13','E','Equipment Rental',now(),'admin');
Insert into FIBI_BUDGET_CATEGORY (BUDGET_CATEGORY_CODE,BUDGET_CATEGORY_TYPE_CODE,DESCRIPTION,UPDATE_TIMESTAMP,UPDATE_USER) values ('14','O','Service Agreement(s)',now(),'admin');
Insert into FIBI_BUDGET_CATEGORY (BUDGET_CATEGORY_CODE,BUDGET_CATEGORY_TYPE_CODE,DESCRIPTION,UPDATE_TIMESTAMP,UPDATE_USER) values ('15','O','Communications/Marketing',now(),'admin');
Insert into FIBI_BUDGET_CATEGORY (BUDGET_CATEGORY_CODE,BUDGET_CATEGORY_TYPE_CODE,DESCRIPTION,UPDATE_TIMESTAMP,UPDATE_USER) values ('16','O','Software',now(),'admin');
Insert into FIBI_BUDGET_CATEGORY (BUDGET_CATEGORY_CODE,BUDGET_CATEGORY_TYPE_CODE,DESCRIPTION,UPDATE_TIMESTAMP,UPDATE_USER) values ('17','O','Computer Time',now(),'admin');
Insert into FIBI_BUDGET_CATEGORY (BUDGET_CATEGORY_CODE,BUDGET_CATEGORY_TYPE_CODE,DESCRIPTION,UPDATE_TIMESTAMP,UPDATE_USER) values ('18','O','Meeting Costs',now(),'admin');
Insert into FIBI_BUDGET_CATEGORY (BUDGET_CATEGORY_CODE,BUDGET_CATEGORY_TYPE_CODE,DESCRIPTION,UPDATE_TIMESTAMP,UPDATE_USER) values ('19','O','Other Operating Expenses',now(),'admin');
Insert into FIBI_BUDGET_CATEGORY (BUDGET_CATEGORY_CODE,BUDGET_CATEGORY_TYPE_CODE,DESCRIPTION,UPDATE_TIMESTAMP,UPDATE_USER) values ('20','E','Equipment',now(),'admin');
Insert into FIBI_BUDGET_CATEGORY (BUDGET_CATEGORY_CODE,BUDGET_CATEGORY_TYPE_CODE,DESCRIPTION,UPDATE_TIMESTAMP,UPDATE_USER) values ('21','O','Professional Services/Consultant',now(),'admin');
Insert into FIBI_BUDGET_CATEGORY (BUDGET_CATEGORY_CODE,BUDGET_CATEGORY_TYPE_CODE,DESCRIPTION,UPDATE_TIMESTAMP,UPDATE_USER) values ('22','O','Subcontracts',now(),'admin');
Insert into FIBI_BUDGET_CATEGORY (BUDGET_CATEGORY_CODE,BUDGET_CATEGORY_TYPE_CODE,DESCRIPTION,UPDATE_TIMESTAMP,UPDATE_USER) values ('23','T','Travel - Foreign',now(),'admin');
Insert into FIBI_BUDGET_CATEGORY (BUDGET_CATEGORY_CODE,BUDGET_CATEGORY_TYPE_CODE,DESCRIPTION,UPDATE_TIMESTAMP,UPDATE_USER) values ('25','P','Postdoctoral',now(),'admin');
Insert into FIBI_BUDGET_CATEGORY (BUDGET_CATEGORY_CODE,BUDGET_CATEGORY_TYPE_CODE,DESCRIPTION,UPDATE_TIMESTAMP,UPDATE_USER) values ('26','P','Other Professionals',now(),'admin');
Insert into FIBI_BUDGET_CATEGORY (BUDGET_CATEGORY_CODE,BUDGET_CATEGORY_TYPE_CODE,DESCRIPTION,UPDATE_TIMESTAMP,UPDATE_USER) values ('27','P','Graduate Students',now(),'admin');
Insert into FIBI_BUDGET_CATEGORY (BUDGET_CATEGORY_CODE,BUDGET_CATEGORY_TYPE_CODE,DESCRIPTION,UPDATE_TIMESTAMP,UPDATE_USER) values ('28','P','Undergraduate Students',now(),'admin');
Insert into FIBI_BUDGET_CATEGORY (BUDGET_CATEGORY_CODE,BUDGET_CATEGORY_TYPE_CODE,DESCRIPTION,UPDATE_TIMESTAMP,UPDATE_USER) values ('29','P','Project Support Staff',now(),'admin');
Insert into FIBI_BUDGET_CATEGORY (BUDGET_CATEGORY_CODE,BUDGET_CATEGORY_TYPE_CODE,DESCRIPTION,UPDATE_TIMESTAMP,UPDATE_USER) values ('30','P','Other Personnel',now(),'admin');
Insert into FIBI_BUDGET_CATEGORY (BUDGET_CATEGORY_CODE,BUDGET_CATEGORY_TYPE_CODE,DESCRIPTION,UPDATE_TIMESTAMP,UPDATE_USER) values ('31','S','Trainee/Participant Costs - Travel',now(),'admin');
Insert into FIBI_BUDGET_CATEGORY (BUDGET_CATEGORY_CODE,BUDGET_CATEGORY_TYPE_CODE,DESCRIPTION,UPDATE_TIMESTAMP,UPDATE_USER) values ('32','S','Trainee/Participant Costs - Stipends',now(),'admin');
Insert into FIBI_BUDGET_CATEGORY (BUDGET_CATEGORY_CODE,BUDGET_CATEGORY_TYPE_CODE,DESCRIPTION,UPDATE_TIMESTAMP,UPDATE_USER) values ('33','O','Outpatient costs',now(),'admin');
Insert into FIBI_BUDGET_CATEGORY (BUDGET_CATEGORY_CODE,BUDGET_CATEGORY_TYPE_CODE,DESCRIPTION,UPDATE_TIMESTAMP,UPDATE_USER) values ('34','O','Calculated Costs',now(),'admin');
Insert into FIBI_BUDGET_CATEGORY (BUDGET_CATEGORY_CODE,BUDGET_CATEGORY_TYPE_CODE,DESCRIPTION,UPDATE_TIMESTAMP,UPDATE_USER) values ('35','S','Trainee/Participant Costs - Tuition',now(),'admin');
Insert into FIBI_BUDGET_CATEGORY (BUDGET_CATEGORY_CODE,BUDGET_CATEGORY_TYPE_CODE,DESCRIPTION,UPDATE_TIMESTAMP,UPDATE_USER) values ('36','S','Trainee/Participant Costs - Subsistence',now(),'admin');
Insert into FIBI_BUDGET_CATEGORY (BUDGET_CATEGORY_CODE,BUDGET_CATEGORY_TYPE_CODE,DESCRIPTION,UPDATE_TIMESTAMP,UPDATE_USER) values ('37','H','Proposal Hierarchy Sub-Projects',now(),'admin');
Insert into FIBI_BUDGET_CATEGORY (BUDGET_CATEGORY_CODE,BUDGET_CATEGORY_TYPE_CODE,DESCRIPTION,UPDATE_TIMESTAMP,UPDATE_USER) values ('38','N','Budget Non Specified Personnel',now(),'admin');

Insert into FIBI_BUDGET_STATUS (BUDGET_STATUS_CODE,DESCRIPTION,UPDATE_TIMESTAMP,UPDATE_USER) values ('-1','Queued',now(),'admin');
Insert into FIBI_BUDGET_STATUS (BUDGET_STATUS_CODE,DESCRIPTION,UPDATE_TIMESTAMP,UPDATE_USER) values ('1','In Progress',now(),'admin');
Insert into FIBI_BUDGET_STATUS (BUDGET_STATUS_CODE,DESCRIPTION,UPDATE_TIMESTAMP,UPDATE_USER) values ('10','To Be Posted',now(),'admin');
Insert into FIBI_BUDGET_STATUS (BUDGET_STATUS_CODE,DESCRIPTION,UPDATE_TIMESTAMP,UPDATE_USER) values ('11','Error in Posting',now(),'admin');
Insert into FIBI_BUDGET_STATUS (BUDGET_STATUS_CODE,DESCRIPTION,UPDATE_TIMESTAMP,UPDATE_USER) values ('12','Do Not Post',now(),'admin');
Insert into FIBI_BUDGET_STATUS (BUDGET_STATUS_CODE,DESCRIPTION,UPDATE_TIMESTAMP,UPDATE_USER) values ('13','Disapproved',now(),'admin');
Insert into FIBI_BUDGET_STATUS (BUDGET_STATUS_CODE,DESCRIPTION,UPDATE_TIMESTAMP,UPDATE_USER) values ('14','Cancelled',now(),'admin');
Insert into FIBI_BUDGET_STATUS (BUDGET_STATUS_CODE,DESCRIPTION,UPDATE_TIMESTAMP,UPDATE_USER) values ('15','Re Post',now(),'admin');
Insert into FIBI_BUDGET_STATUS (BUDGET_STATUS_CODE,DESCRIPTION,UPDATE_TIMESTAMP,UPDATE_USER) values ('5','Submitted',now(),'admin');
Insert into FIBI_BUDGET_STATUS (BUDGET_STATUS_CODE,DESCRIPTION,UPDATE_TIMESTAMP,UPDATE_USER) values ('8','Rejected',now(),'admin');
Insert into FIBI_BUDGET_STATUS (BUDGET_STATUS_CODE,DESCRIPTION,UPDATE_TIMESTAMP,UPDATE_USER) values ('9','Posted',now(),'admin');

Insert into FIBI_BUDGET_TYPE (BUDGET_TYPE_CODE,DESCRIPTION,UPDATE_TIMESTAMP,UPDATE_USER) values ('1','New',now(),'admin');
Insert into FIBI_BUDGET_TYPE (BUDGET_TYPE_CODE,DESCRIPTION,UPDATE_TIMESTAMP,UPDATE_USER) values ('2','Rebudget',now(),'admin');

Insert into FIBI_COST_ELEMENT (COST_ELEMENT,ACTIVE_FLAG,BUDGET_CATEGORY_CODE,DESCRIPTION,FIN_OBJECT_CODE,ON_OFF_CAMPUS_FLAG,UPDATE_TIMESTAMP,UPDATE_USER) values ('1111112','Y','17','Computer Time',null,'F',now(),'admin');
Insert into FIBI_COST_ELEMENT (COST_ELEMENT,ACTIVE_FLAG,BUDGET_CATEGORY_CODE,DESCRIPTION,FIN_OBJECT_CODE,ON_OFF_CAMPUS_FLAG,UPDATE_TIMESTAMP,UPDATE_USER) values ('PHTD01','Y','37','Total Direct Cost for Proposal Hierarchy',null,'N',now(),'admin');
Insert into FIBI_COST_ELEMENT (COST_ELEMENT,ACTIVE_FLAG,BUDGET_CATEGORY_CODE,DESCRIPTION,FIN_OBJECT_CODE,ON_OFF_CAMPUS_FLAG,UPDATE_TIMESTAMP,UPDATE_USER) values ('PHTID02','Y','37','Total Indirect Cost for Proposal Hierarchy',null,'N',now(),'admin');
Insert into FIBI_COST_ELEMENT (COST_ELEMENT,ACTIVE_FLAG,BUDGET_CATEGORY_CODE,DESCRIPTION,FIN_OBJECT_CODE,ON_OFF_CAMPUS_FLAG,UPDATE_TIMESTAMP,UPDATE_USER) values ('422121','N','38','Over Head',null,'N',now(),'admin');
Insert into FIBI_COST_ELEMENT (COST_ELEMENT,ACTIVE_FLAG,BUDGET_CATEGORY_CODE,DESCRIPTION,FIN_OBJECT_CODE,ON_OFF_CAMPUS_FLAG,UPDATE_TIMESTAMP,UPDATE_USER) values ('422127','N','38','Fringe Benefits',null,'N',now(),'admin');
Insert into FIBI_COST_ELEMENT (COST_ELEMENT,ACTIVE_FLAG,BUDGET_CATEGORY_CODE,DESCRIPTION,FIN_OBJECT_CODE,ON_OFF_CAMPUS_FLAG,UPDATE_TIMESTAMP,UPDATE_USER) values ('ZRC3EOM01RE1','Y','39','Research Engineer',null,'N',now(),'admin');
Insert into FIBI_COST_ELEMENT (COST_ELEMENT,ACTIVE_FLAG,BUDGET_CATEGORY_CODE,DESCRIPTION,FIN_OBJECT_CODE,ON_OFF_CAMPUS_FLAG,UPDATE_TIMESTAMP,UPDATE_USER) values ('ZRC3EOM02RS1','Y','39','Research Scientist',null,'N',now(),'admin');
Insert into FIBI_COST_ELEMENT (COST_ELEMENT,ACTIVE_FLAG,BUDGET_CATEGORY_CODE,DESCRIPTION,FIN_OBJECT_CODE,ON_OFF_CAMPUS_FLAG,UPDATE_TIMESTAMP,UPDATE_USER) values ('ZRC3EOM11RS1','Y','42','Research Scholarship',null,'N',now(),'admin');
Insert into FIBI_COST_ELEMENT (COST_ELEMENT,ACTIVE_FLAG,BUDGET_CATEGORY_CODE,DESCRIPTION,FIN_OBJECT_CODE,ON_OFF_CAMPUS_FLAG,UPDATE_TIMESTAMP,UPDATE_USER) values ('ZRC3EQP01001','Y','41','Server',null,'N',now(),'admin');
Insert into FIBI_COST_ELEMENT (COST_ELEMENT,ACTIVE_FLAG,BUDGET_CATEGORY_CODE,DESCRIPTION,FIN_OBJECT_CODE,ON_OFF_CAMPUS_FLAG,UPDATE_TIMESTAMP,UPDATE_USER) values ('ZRC3EQP01101','Y','41','Computers',null,'N',now(),'admin');
Insert into FIBI_COST_ELEMENT (COST_ELEMENT,ACTIVE_FLAG,BUDGET_CATEGORY_CODE,DESCRIPTION,FIN_OBJECT_CODE,ON_OFF_CAMPUS_FLAG,UPDATE_TIMESTAMP,UPDATE_USER) values ('ZRC3OOE01801','Y','40','Communications Subscription Charges',null,'N',now(),'admin');
Insert into FIBI_COST_ELEMENT (COST_ELEMENT,ACTIVE_FLAG,BUDGET_CATEGORY_CODE,DESCRIPTION,FIN_OBJECT_CODE,ON_OFF_CAMPUS_FLAG,UPDATE_TIMESTAMP,UPDATE_USER) values ('ZRC3OOE02001','Y','40','Publications Charges',null,'N',now(),'admin');
Insert into FIBI_COST_ELEMENT (COST_ELEMENT,ACTIVE_FLAG,BUDGET_CATEGORY_CODE,DESCRIPTION,FIN_OBJECT_CODE,ON_OFF_CAMPUS_FLAG,UPDATE_TIMESTAMP,UPDATE_USER) values ('ZRC3OOE02301','Y','40','Overseas Conferences and Travel',null,'N',now(),'admin');
Insert into FIBI_COST_ELEMENT (COST_ELEMENT,ACTIVE_FLAG,BUDGET_CATEGORY_CODE,DESCRIPTION,FIN_OBJECT_CODE,ON_OFF_CAMPUS_FLAG,UPDATE_TIMESTAMP,UPDATE_USER) values ('422123','N','38','Fund Fee',null,'N',now(),'admin');
Insert into FIBI_COST_ELEMENT (COST_ELEMENT,ACTIVE_FLAG,BUDGET_CATEGORY_CODE,DESCRIPTION,FIN_OBJECT_CODE,ON_OFF_CAMPUS_FLAG,UPDATE_TIMESTAMP,UPDATE_USER) values ('TUIOTHER','Y','35','Tuition Other Trainee type',null,'N',now(),'admin');
Insert into FIBI_COST_ELEMENT (COST_ELEMENT,ACTIVE_FLAG,BUDGET_CATEGORY_CODE,DESCRIPTION,FIN_OBJECT_CODE,ON_OFF_CAMPUS_FLAG,UPDATE_TIMESTAMP,UPDATE_USER) values ('TUIPDYDS','Y','35','Tuition PostDoc Trainee Degree Seeking',null,'N',now(),'admin');
Insert into FIBI_COST_ELEMENT (COST_ELEMENT,ACTIVE_FLAG,BUDGET_CATEGORY_CODE,DESCRIPTION,FIN_OBJECT_CODE,ON_OFF_CAMPUS_FLAG,UPDATE_TIMESTAMP,UPDATE_USER) values ('TUIPDNDS','Y','35','Tuition PostDoc Trainee Not Degree Seeking',null,'N',now(),'admin');
Insert into FIBI_COST_ELEMENT (COST_ELEMENT,ACTIVE_FLAG,BUDGET_CATEGORY_CODE,DESCRIPTION,FIN_OBJECT_CODE,ON_OFF_CAMPUS_FLAG,UPDATE_TIMESTAMP,UPDATE_USER) values ('TUIPREDD','Y','35','Tuition PreDoc Trainee Dual Degree',null,'N',now(),'admin');
Insert into FIBI_COST_ELEMENT (COST_ELEMENT,ACTIVE_FLAG,BUDGET_CATEGORY_CODE,DESCRIPTION,FIN_OBJECT_CODE,ON_OFF_CAMPUS_FLAG,UPDATE_TIMESTAMP,UPDATE_USER) values ('TUIPRESD','Y','35','Tuition PreDoc Trainee Single Degree',null,'N',now(),'admin');
Insert into FIBI_COST_ELEMENT (COST_ELEMENT,ACTIVE_FLAG,BUDGET_CATEGORY_CODE,DESCRIPTION,FIN_OBJECT_CODE,ON_OFF_CAMPUS_FLAG,UPDATE_TIMESTAMP,UPDATE_USER) values ('TUIUNDGR','Y','35','Tuition Undergrad Trainee',null,'N',now(),'admin');
Insert into FIBI_COST_ELEMENT (COST_ELEMENT,ACTIVE_FLAG,BUDGET_CATEGORY_CODE,DESCRIPTION,FIN_OBJECT_CODE,ON_OFF_CAMPUS_FLAG,UPDATE_TIMESTAMP,UPDATE_USER) values ('400315','Y','25','Fellows - Non-Student- Not MTDC',null,'N',now(),'admin');
Insert into FIBI_COST_ELEMENT (COST_ELEMENT,ACTIVE_FLAG,BUDGET_CATEGORY_CODE,DESCRIPTION,FIN_OBJECT_CODE,ON_OFF_CAMPUS_FLAG,UPDATE_TIMESTAMP,UPDATE_USER) values ('422311','Y','19','Tuition - Other - Not MTDC ',null,'N',now(),'admin');
Insert into FIBI_COST_ELEMENT (COST_ELEMENT,ACTIVE_FLAG,BUDGET_CATEGORY_CODE,DESCRIPTION,FIN_OBJECT_CODE,ON_OFF_CAMPUS_FLAG,UPDATE_TIMESTAMP,UPDATE_USER) values ('1234','Y','8','CE less than 6',null,'N',now(),'admin');
Insert into FIBI_COST_ELEMENT (COST_ELEMENT,ACTIVE_FLAG,BUDGET_CATEGORY_CODE,DESCRIPTION,FIN_OBJECT_CODE,ON_OFF_CAMPUS_FLAG,UPDATE_TIMESTAMP,UPDATE_USER) values ('400000','Y','19','Summary Budget',null,'N',now(),'admin');
Insert into FIBI_COST_ELEMENT (COST_ELEMENT,ACTIVE_FLAG,BUDGET_CATEGORY_CODE,DESCRIPTION,FIN_OBJECT_CODE,ON_OFF_CAMPUS_FLAG,UPDATE_TIMESTAMP,UPDATE_USER) values ('400005','Y','1','Summer Faculty - On',null,'N',now(),'admin');
Insert into FIBI_COST_ELEMENT (COST_ELEMENT,ACTIVE_FLAG,BUDGET_CATEGORY_CODE,DESCRIPTION,FIN_OBJECT_CODE,ON_OFF_CAMPUS_FLAG,UPDATE_TIMESTAMP,UPDATE_USER) values ('400025','Y','1','Faculty Salaries Tenured - On',null,'N',now(),'admin');
Insert into FIBI_COST_ELEMENT (COST_ELEMENT,ACTIVE_FLAG,BUDGET_CATEGORY_CODE,DESCRIPTION,FIN_OBJECT_CODE,ON_OFF_CAMPUS_FLAG,UPDATE_TIMESTAMP,UPDATE_USER) values ('400040','Y','1','Faculty Salaries Non-Tenured - On',null,'N',now(),'admin');
Insert into FIBI_COST_ELEMENT (COST_ELEMENT,ACTIVE_FLAG,BUDGET_CATEGORY_CODE,DESCRIPTION,FIN_OBJECT_CODE,ON_OFF_CAMPUS_FLAG,UPDATE_TIMESTAMP,UPDATE_USER) values ('400050','Y','1','Summer Other Academic - On',null,'N',now(),'admin');
Insert into FIBI_COST_ELEMENT (COST_ELEMENT,ACTIVE_FLAG,BUDGET_CATEGORY_CODE,DESCRIPTION,FIN_OBJECT_CODE,ON_OFF_CAMPUS_FLAG,UPDATE_TIMESTAMP,UPDATE_USER) values ('400070','Y','1','Summer Faculty - Off',null,'F',now(),'admin');
Insert into FIBI_COST_ELEMENT (COST_ELEMENT,ACTIVE_FLAG,BUDGET_CATEGORY_CODE,DESCRIPTION,FIN_OBJECT_CODE,ON_OFF_CAMPUS_FLAG,UPDATE_TIMESTAMP,UPDATE_USER) values ('400090','Y','1','Faculty Salaries Tenured - Off',null,'F',now(),'admin');
Insert into FIBI_COST_ELEMENT (COST_ELEMENT,ACTIVE_FLAG,BUDGET_CATEGORY_CODE,DESCRIPTION,FIN_OBJECT_CODE,ON_OFF_CAMPUS_FLAG,UPDATE_TIMESTAMP,UPDATE_USER) values ('400105','Y','1','Faculty Salaires Non-Tenured - Off',null,'F',now(),'admin');
Insert into FIBI_COST_ELEMENT (COST_ELEMENT,ACTIVE_FLAG,BUDGET_CATEGORY_CODE,DESCRIPTION,FIN_OBJECT_CODE,ON_OFF_CAMPUS_FLAG,UPDATE_TIMESTAMP,UPDATE_USER) values ('400115','Y','1','Summer - Other Academic - Off',null,'F',now(),'admin');
Insert into FIBI_COST_ELEMENT (COST_ELEMENT,ACTIVE_FLAG,BUDGET_CATEGORY_CODE,DESCRIPTION,FIN_OBJECT_CODE,ON_OFF_CAMPUS_FLAG,UPDATE_TIMESTAMP,UPDATE_USER) values ('400135','Y','1','Faculty Emeriti',null,'N',now(),'admin');
Insert into FIBI_COST_ELEMENT (COST_ELEMENT,ACTIVE_FLAG,BUDGET_CATEGORY_CODE,DESCRIPTION,FIN_OBJECT_CODE,ON_OFF_CAMPUS_FLAG,UPDATE_TIMESTAMP,UPDATE_USER) values ('400136','Y','1','Faculty Retired Non-Tenured - On',null,'N',now(),'admin');
Insert into FIBI_COST_ELEMENT (COST_ELEMENT,ACTIVE_FLAG,BUDGET_CATEGORY_CODE,DESCRIPTION,FIN_OBJECT_CODE,ON_OFF_CAMPUS_FLAG,UPDATE_TIMESTAMP,UPDATE_USER) values ('400140','Y','1','Other Academic Staff - On',null,'N',now(),'admin');
Insert into FIBI_COST_ELEMENT (COST_ELEMENT,ACTIVE_FLAG,BUDGET_CATEGORY_CODE,DESCRIPTION,FIN_OBJECT_CODE,ON_OFF_CAMPUS_FLAG,UPDATE_TIMESTAMP,UPDATE_USER) values ('400155','Y','1','Other Academic Staff - Off',null,'F',now(),'admin');
Insert into FIBI_COST_ELEMENT (COST_ELEMENT,ACTIVE_FLAG,BUDGET_CATEGORY_CODE,DESCRIPTION,FIN_OBJECT_CODE,ON_OFF_CAMPUS_FLAG,UPDATE_TIMESTAMP,UPDATE_USER) values ('400250','Y','26','Administrative Staff - On',null,'N',now(),'admin');
Insert into FIBI_COST_ELEMENT (COST_ELEMENT,ACTIVE_FLAG,BUDGET_CATEGORY_CODE,DESCRIPTION,FIN_OBJECT_CODE,ON_OFF_CAMPUS_FLAG,UPDATE_TIMESTAMP,UPDATE_USER) values ('400255','Y','26','Administrative Staff - Off',null,'F',now(),'admin');
Insert into FIBI_COST_ELEMENT (COST_ELEMENT,ACTIVE_FLAG,BUDGET_CATEGORY_CODE,DESCRIPTION,FIN_OBJECT_CODE,ON_OFF_CAMPUS_FLAG,UPDATE_TIMESTAMP,UPDATE_USER) values ('400350','Y','26','Research Staff - On',null,'N',now(),'admin');
Insert into FIBI_COST_ELEMENT (COST_ELEMENT,ACTIVE_FLAG,BUDGET_CATEGORY_CODE,DESCRIPTION,FIN_OBJECT_CODE,ON_OFF_CAMPUS_FLAG,UPDATE_TIMESTAMP,UPDATE_USER) values ('400355','Y','26','Research Staff - Off',null,'F',now(),'admin');
Insert into FIBI_COST_ELEMENT (COST_ELEMENT,ACTIVE_FLAG,BUDGET_CATEGORY_CODE,DESCRIPTION,FIN_OBJECT_CODE,ON_OFF_CAMPUS_FLAG,UPDATE_TIMESTAMP,UPDATE_USER) values ('400365','Y','26','Program Manager',null,'N',now(),'admin');
Insert into FIBI_COST_ELEMENT (COST_ELEMENT,ACTIVE_FLAG,BUDGET_CATEGORY_CODE,DESCRIPTION,FIN_OBJECT_CODE,ON_OFF_CAMPUS_FLAG,UPDATE_TIMESTAMP,UPDATE_USER) values ('400370','Y','26','Project Engineering Staff - On',null,'N',now(),'admin');
Insert into FIBI_COST_ELEMENT (COST_ELEMENT,ACTIVE_FLAG,BUDGET_CATEGORY_CODE,DESCRIPTION,FIN_OBJECT_CODE,ON_OFF_CAMPUS_FLAG,UPDATE_TIMESTAMP,UPDATE_USER) values ('400390','Y','25','Post-Doctoral Staff',null,'N',now(),'admin');
Insert into FIBI_COST_ELEMENT (COST_ELEMENT,ACTIVE_FLAG,BUDGET_CATEGORY_CODE,DESCRIPTION,FIN_OBJECT_CODE,ON_OFF_CAMPUS_FLAG,UPDATE_TIMESTAMP,UPDATE_USER) values ('400450','Y','30','Hourly Personnel - On',null,'N',now(),'admin');
Insert into FIBI_COST_ELEMENT (COST_ELEMENT,ACTIVE_FLAG,BUDGET_CATEGORY_CODE,DESCRIPTION,FIN_OBJECT_CODE,ON_OFF_CAMPUS_FLAG,UPDATE_TIMESTAMP,UPDATE_USER) values ('400452','Y','30','Hourly Personnel - Off',null,'F',now(),'admin');
Insert into FIBI_COST_ELEMENT (COST_ELEMENT,ACTIVE_FLAG,BUDGET_CATEGORY_CODE,DESCRIPTION,FIN_OBJECT_CODE,ON_OFF_CAMPUS_FLAG,UPDATE_TIMESTAMP,UPDATE_USER) values ('400550','Y','30','Electronic Assembly - On',null,'N',now(),'admin');
Insert into FIBI_COST_ELEMENT (COST_ELEMENT,ACTIVE_FLAG,BUDGET_CATEGORY_CODE,DESCRIPTION,FIN_OBJECT_CODE,ON_OFF_CAMPUS_FLAG,UPDATE_TIMESTAMP,UPDATE_USER) values ('400552','Y','30','Mechanical Assembly - On',null,'N',now(),'admin');
Insert into FIBI_COST_ELEMENT (COST_ELEMENT,ACTIVE_FLAG,BUDGET_CATEGORY_CODE,DESCRIPTION,FIN_OBJECT_CODE,ON_OFF_CAMPUS_FLAG,UPDATE_TIMESTAMP,UPDATE_USER) values ('400556','Y','30','Quality Control - On',null,'N',now(),'admin');
Insert into FIBI_COST_ELEMENT (COST_ELEMENT,ACTIVE_FLAG,BUDGET_CATEGORY_CODE,DESCRIPTION,FIN_OBJECT_CODE,ON_OFF_CAMPUS_FLAG,UPDATE_TIMESTAMP,UPDATE_USER) values ('400600','Y','29','Project Support Staff - On',null,'N',now(),'admin');
Insert into FIBI_COST_ELEMENT (COST_ELEMENT,ACTIVE_FLAG,BUDGET_CATEGORY_CODE,DESCRIPTION,FIN_OBJECT_CODE,ON_OFF_CAMPUS_FLAG,UPDATE_TIMESTAMP,UPDATE_USER) values ('400601','Y','29','Project Support Staff - Off',null,'F',now(),'admin');
Insert into FIBI_COST_ELEMENT (COST_ELEMENT,ACTIVE_FLAG,BUDGET_CATEGORY_CODE,DESCRIPTION,FIN_OBJECT_CODE,ON_OFF_CAMPUS_FLAG,UPDATE_TIMESTAMP,UPDATE_USER) values ('400654','Y','26','Exempt Technical - On',null,'N',now(),'admin');
Insert into FIBI_COST_ELEMENT (COST_ELEMENT,ACTIVE_FLAG,BUDGET_CATEGORY_CODE,DESCRIPTION,FIN_OBJECT_CODE,ON_OFF_CAMPUS_FLAG,UPDATE_TIMESTAMP,UPDATE_USER) values ('400700','Y','27','Graduate Student Staff - On',null,'N',now(),'admin');
Insert into FIBI_COST_ELEMENT (COST_ELEMENT,ACTIVE_FLAG,BUDGET_CATEGORY_CODE,DESCRIPTION,FIN_OBJECT_CODE,ON_OFF_CAMPUS_FLAG,UPDATE_TIMESTAMP,UPDATE_USER) values ('400706','Y','27','Research Asst - On',null,'N',now(),'admin');
Insert into FIBI_COST_ELEMENT (COST_ELEMENT,ACTIVE_FLAG,BUDGET_CATEGORY_CODE,DESCRIPTION,FIN_OBJECT_CODE,ON_OFF_CAMPUS_FLAG,UPDATE_TIMESTAMP,UPDATE_USER) values ('400708','Y','27','Research Asst - Off',null,'F',now(),'admin');
Insert into FIBI_COST_ELEMENT (COST_ELEMENT,ACTIVE_FLAG,BUDGET_CATEGORY_CODE,DESCRIPTION,FIN_OBJECT_CODE,ON_OFF_CAMPUS_FLAG,UPDATE_TIMESTAMP,UPDATE_USER) values ('400754','Y','28','MIT Students - On',null,'N',now(),'admin');
Insert into FIBI_COST_ELEMENT (COST_ELEMENT,ACTIVE_FLAG,BUDGET_CATEGORY_CODE,DESCRIPTION,FIN_OBJECT_CODE,ON_OFF_CAMPUS_FLAG,UPDATE_TIMESTAMP,UPDATE_USER) values ('400756','Y','28','MIT Students - Off',null,'F',now(),'admin');
Insert into FIBI_COST_ELEMENT (COST_ELEMENT,ACTIVE_FLAG,BUDGET_CATEGORY_CODE,DESCRIPTION,FIN_OBJECT_CODE,ON_OFF_CAMPUS_FLAG,UPDATE_TIMESTAMP,UPDATE_USER) values ('400768','Y','28','Undergrad S&W UROP - Off',null,'F',now(),'admin');
Insert into FIBI_COST_ELEMENT (COST_ELEMENT,ACTIVE_FLAG,BUDGET_CATEGORY_CODE,DESCRIPTION,FIN_OBJECT_CODE,ON_OFF_CAMPUS_FLAG,UPDATE_TIMESTAMP,UPDATE_USER) values ('400770','Y','28','Undergrad S&W UROP - On',null,'N',now(),'admin');
Insert into FIBI_COST_ELEMENT (COST_ELEMENT,ACTIVE_FLAG,BUDGET_CATEGORY_CODE,DESCRIPTION,FIN_OBJECT_CODE,ON_OFF_CAMPUS_FLAG,UPDATE_TIMESTAMP,UPDATE_USER) values ('420050','Y','7','Travel Expenses',null,'N',now(),'admin');
Insert into FIBI_COST_ELEMENT (COST_ELEMENT,ACTIVE_FLAG,BUDGET_CATEGORY_CODE,DESCRIPTION,FIN_OBJECT_CODE,ON_OFF_CAMPUS_FLAG,UPDATE_TIMESTAMP,UPDATE_USER) values ('420060','Y','31','Travel - Not MTDC',null,'N',now(),'admin');
Insert into FIBI_COST_ELEMENT (COST_ELEMENT,ACTIVE_FLAG,BUDGET_CATEGORY_CODE,DESCRIPTION,FIN_OBJECT_CODE,ON_OFF_CAMPUS_FLAG,UPDATE_TIMESTAMP,UPDATE_USER) values ('420070','Y','23','Travel - Foreign Expenses',null,'N',now(),'admin');
Insert into FIBI_COST_ELEMENT (COST_ELEMENT,ACTIVE_FLAG,BUDGET_CATEGORY_CODE,DESCRIPTION,FIN_OBJECT_CODE,ON_OFF_CAMPUS_FLAG,UPDATE_TIMESTAMP,UPDATE_USER) values ('420081','Y','7','Travel - Professional Development',null,'N',now(),'admin');
Insert into FIBI_COST_ELEMENT (COST_ELEMENT,ACTIVE_FLAG,BUDGET_CATEGORY_CODE,DESCRIPTION,FIN_OBJECT_CODE,ON_OFF_CAMPUS_FLAG,UPDATE_TIMESTAMP,UPDATE_USER) values ('420102','Y','5','Animal Care',null,'N',now(),'admin');
Insert into FIBI_COST_ELEMENT (COST_ELEMENT,ACTIVE_FLAG,BUDGET_CATEGORY_CODE,DESCRIPTION,FIN_OBJECT_CODE,ON_OFF_CAMPUS_FLAG,UPDATE_TIMESTAMP,UPDATE_USER) values ('420103','Y','5','Animal Care - Off',null,'N',now(),'admin');
Insert into FIBI_COST_ELEMENT (COST_ELEMENT,ACTIVE_FLAG,BUDGET_CATEGORY_CODE,DESCRIPTION,FIN_OBJECT_CODE,ON_OFF_CAMPUS_FLAG,UPDATE_TIMESTAMP,UPDATE_USER) values ('420104','Y','5','Animal Purchases',null,'N',now(),'admin');
Insert into FIBI_COST_ELEMENT (COST_ELEMENT,ACTIVE_FLAG,BUDGET_CATEGORY_CODE,DESCRIPTION,FIN_OBJECT_CODE,ON_OFF_CAMPUS_FLAG,UPDATE_TIMESTAMP,UPDATE_USER) values ('420106','Y','19','Audio Visual Expense',null,'N',now(),'admin');
Insert into FIBI_COST_ELEMENT (COST_ELEMENT,ACTIVE_FLAG,BUDGET_CATEGORY_CODE,DESCRIPTION,FIN_OBJECT_CODE,ON_OFF_CAMPUS_FLAG,UPDATE_TIMESTAMP,UPDATE_USER) values ('420111','Y','35','Participant costs - Tuition',null,'N',now(),'admin');
Insert into FIBI_COST_ELEMENT (COST_ELEMENT,ACTIVE_FLAG,BUDGET_CATEGORY_CODE,DESCRIPTION,FIN_OBJECT_CODE,ON_OFF_CAMPUS_FLAG,UPDATE_TIMESTAMP,UPDATE_USER) values ('420128','Y','3','Chemicals',null,'N',now(),'admin');
Insert into FIBI_COST_ELEMENT (COST_ELEMENT,ACTIVE_FLAG,BUDGET_CATEGORY_CODE,DESCRIPTION,FIN_OBJECT_CODE,ON_OFF_CAMPUS_FLAG,UPDATE_TIMESTAMP,UPDATE_USER) values ('420131','Y','19','Professional Development and Training',null,'N',now(),'admin');
Insert into FIBI_COST_ELEMENT (COST_ELEMENT,ACTIVE_FLAG,BUDGET_CATEGORY_CODE,DESCRIPTION,FIN_OBJECT_CODE,ON_OFF_CAMPUS_FLAG,UPDATE_TIMESTAMP,UPDATE_USER) values ('420140','Y','18','Conference Expenses',null,'N',now(),'admin');
Insert into FIBI_COST_ELEMENT (COST_ELEMENT,ACTIVE_FLAG,BUDGET_CATEGORY_CODE,DESCRIPTION,FIN_OBJECT_CODE,ON_OFF_CAMPUS_FLAG,UPDATE_TIMESTAMP,UPDATE_USER) values ('420144','Y','2','Cost Part Rel Programs - Not MTDC',null,'N',now(),'admin');
Insert into FIBI_COST_ELEMENT (COST_ELEMENT,ACTIVE_FLAG,BUDGET_CATEGORY_CODE,DESCRIPTION,FIN_OBJECT_CODE,ON_OFF_CAMPUS_FLAG,UPDATE_TIMESTAMP,UPDATE_USER) values ('420160','Y','3','Electrical Components',null,'N',now(),'admin');
Insert into FIBI_COST_ELEMENT (COST_ELEMENT,ACTIVE_FLAG,BUDGET_CATEGORY_CODE,DESCRIPTION,FIN_OBJECT_CODE,ON_OFF_CAMPUS_FLAG,UPDATE_TIMESTAMP,UPDATE_USER) values ('420162','Y','3','Electrical System',null,'N',now(),'admin');
Insert into FIBI_COST_ELEMENT (COST_ELEMENT,ACTIVE_FLAG,BUDGET_CATEGORY_CODE,DESCRIPTION,FIN_OBJECT_CODE,ON_OFF_CAMPUS_FLAG,UPDATE_TIMESTAMP,UPDATE_USER) values ('420172','Y','19','Fellowship Expense',null,'N',now(),'admin');
Insert into FIBI_COST_ELEMENT (COST_ELEMENT,ACTIVE_FLAG,BUDGET_CATEGORY_CODE,DESCRIPTION,FIN_OBJECT_CODE,ON_OFF_CAMPUS_FLAG,UPDATE_TIMESTAMP,UPDATE_USER) values ('420174','Y','19','Field Expense',null,'N',now(),'admin');
Insert into FIBI_COST_ELEMENT (COST_ELEMENT,ACTIVE_FLAG,BUDGET_CATEGORY_CODE,DESCRIPTION,FIN_OBJECT_CODE,ON_OFF_CAMPUS_FLAG,UPDATE_TIMESTAMP,UPDATE_USER) values ('420198','Y','19','Insurance Premiums',null,'N',now(),'admin');
Insert into FIBI_COST_ELEMENT (COST_ELEMENT,ACTIVE_FLAG,BUDGET_CATEGORY_CODE,DESCRIPTION,FIN_OBJECT_CODE,ON_OFF_CAMPUS_FLAG,UPDATE_TIMESTAMP,UPDATE_USER) values ('420220','Y','3','Maintenance and Repairs',null,'N',now(),'admin');
Insert into FIBI_COST_ELEMENT (COST_ELEMENT,ACTIVE_FLAG,BUDGET_CATEGORY_CODE,DESCRIPTION,FIN_OBJECT_CODE,ON_OFF_CAMPUS_FLAG,UPDATE_TIMESTAMP,UPDATE_USER) values ('420226','Y','3','Materials and Services',null,'N',now(),'admin');
Insert into FIBI_COST_ELEMENT (COST_ELEMENT,ACTIVE_FLAG,BUDGET_CATEGORY_CODE,DESCRIPTION,FIN_OBJECT_CODE,ON_OFF_CAMPUS_FLAG,UPDATE_TIMESTAMP,UPDATE_USER) values ('420232','Y','3','Mechanical Components',null,'N',now(),'admin');
Insert into FIBI_COST_ELEMENT (COST_ELEMENT,ACTIVE_FLAG,BUDGET_CATEGORY_CODE,DESCRIPTION,FIN_OBJECT_CODE,ON_OFF_CAMPUS_FLAG,UPDATE_TIMESTAMP,UPDATE_USER) values ('420258','Y','3','Office Supplies',null,'N',now(),'admin');
Insert into FIBI_COST_ELEMENT (COST_ELEMENT,ACTIVE_FLAG,BUDGET_CATEGORY_CODE,DESCRIPTION,FIN_OBJECT_CODE,ON_OFF_CAMPUS_FLAG,UPDATE_TIMESTAMP,UPDATE_USER) values ('420262','Y','30','Temporary Help',null,'N',now(),'admin');
Insert into FIBI_COST_ELEMENT (COST_ELEMENT,ACTIVE_FLAG,BUDGET_CATEGORY_CODE,DESCRIPTION,FIN_OBJECT_CODE,ON_OFF_CAMPUS_FLAG,UPDATE_TIMESTAMP,UPDATE_USER) values ('420298','Y','21','Professional Services',null,'N',now(),'admin');
Insert into FIBI_COST_ELEMENT (COST_ELEMENT,ACTIVE_FLAG,BUDGET_CATEGORY_CODE,DESCRIPTION,FIN_OBJECT_CODE,ON_OFF_CAMPUS_FLAG,UPDATE_TIMESTAMP,UPDATE_USER) values ('420310','Y','3','Raw Materials',null,'N',now(),'admin');
Insert into FIBI_COST_ELEMENT (COST_ELEMENT,ACTIVE_FLAG,BUDGET_CATEGORY_CODE,DESCRIPTION,FIN_OBJECT_CODE,ON_OFF_CAMPUS_FLAG,UPDATE_TIMESTAMP,UPDATE_USER) values ('420316','Y','19','Other Sponsor Funded Costs - Not MTDC',null,'N',now(),'admin');
Insert into FIBI_COST_ELEMENT (COST_ELEMENT,ACTIVE_FLAG,BUDGET_CATEGORY_CODE,DESCRIPTION,FIN_OBJECT_CODE,ON_OFF_CAMPUS_FLAG,UPDATE_TIMESTAMP,UPDATE_USER) values ('420320','Y','8','Renovations',null,'N',now(),'admin');
Insert into FIBI_COST_ELEMENT (COST_ELEMENT,ACTIVE_FLAG,BUDGET_CATEGORY_CODE,DESCRIPTION,FIN_OBJECT_CODE,ON_OFF_CAMPUS_FLAG,UPDATE_TIMESTAMP,UPDATE_USER) values ('420333','Y','36','Participant costs - subsistence',null,'N',now(),'admin');
Insert into FIBI_COST_ELEMENT (COST_ELEMENT,ACTIVE_FLAG,BUDGET_CATEGORY_CODE,DESCRIPTION,FIN_OBJECT_CODE,ON_OFF_CAMPUS_FLAG,UPDATE_TIMESTAMP,UPDATE_USER) values ('420338','Y','14','Service Contracts',null,'N',now(),'admin');
Insert into FIBI_COST_ELEMENT (COST_ELEMENT,ACTIVE_FLAG,BUDGET_CATEGORY_CODE,DESCRIPTION,FIN_OBJECT_CODE,ON_OFF_CAMPUS_FLAG,UPDATE_TIMESTAMP,UPDATE_USER) values ('420346','Y','19','Shop Expense',null,'N',now(),'admin');
Insert into FIBI_COST_ELEMENT (COST_ELEMENT,ACTIVE_FLAG,BUDGET_CATEGORY_CODE,DESCRIPTION,FIN_OBJECT_CODE,ON_OFF_CAMPUS_FLAG,UPDATE_TIMESTAMP,UPDATE_USER) values ('420350','Y','19','Space Rental - Not MTDC',null,'N',now(),'admin');
Insert into FIBI_COST_ELEMENT (COST_ELEMENT,ACTIVE_FLAG,BUDGET_CATEGORY_CODE,DESCRIPTION,FIN_OBJECT_CODE,ON_OFF_CAMPUS_FLAG,UPDATE_TIMESTAMP,UPDATE_USER) values ('420376','Y','19','Use of Facilities',null,'N',now(),'admin');
Insert into FIBI_COST_ELEMENT (COST_ELEMENT,ACTIVE_FLAG,BUDGET_CATEGORY_CODE,DESCRIPTION,FIN_OBJECT_CODE,ON_OFF_CAMPUS_FLAG,UPDATE_TIMESTAMP,UPDATE_USER) values ('420392','Y','10','Xerox Expense',null,'N',now(),'admin');
Insert into FIBI_COST_ELEMENT (COST_ELEMENT,ACTIVE_FLAG,BUDGET_CATEGORY_CODE,DESCRIPTION,FIN_OBJECT_CODE,ON_OFF_CAMPUS_FLAG,UPDATE_TIMESTAMP,UPDATE_USER) values ('420600','Y','22','Subcontracts (first 25K) - Subject to F&A',null,'N',now(),'admin');
Insert into FIBI_COST_ELEMENT (COST_ELEMENT,ACTIVE_FLAG,BUDGET_CATEGORY_CODE,DESCRIPTION,FIN_OBJECT_CODE,ON_OFF_CAMPUS_FLAG,UPDATE_TIMESTAMP,UPDATE_USER) values ('420610','Y','22','Subcontractor''s F&A-subject to MIT F&A',null,'N',now(),'admin');
Insert into FIBI_COST_ELEMENT (COST_ELEMENT,ACTIVE_FLAG,BUDGET_CATEGORY_CODE,DESCRIPTION,FIN_OBJECT_CODE,ON_OFF_CAMPUS_FLAG,UPDATE_TIMESTAMP,UPDATE_USER) values ('420620','Y','22','Subcontracts (beyond first 25K) - No F&A',null,'N',now(),'admin');
Insert into FIBI_COST_ELEMENT (COST_ELEMENT,ACTIVE_FLAG,BUDGET_CATEGORY_CODE,DESCRIPTION,FIN_OBJECT_CODE,ON_OFF_CAMPUS_FLAG,UPDATE_TIMESTAMP,UPDATE_USER) values ('420630','Y','22','Subcontractor''s F&A (NIH only)-no MIT F&A',null,'N',now(),'admin');
Insert into FIBI_COST_ELEMENT (COST_ELEMENT,ACTIVE_FLAG,BUDGET_CATEGORY_CODE,DESCRIPTION,FIN_OBJECT_CODE,ON_OFF_CAMPUS_FLAG,UPDATE_TIMESTAMP,UPDATE_USER) values ('420710','Y','21','Consultants',null,'N',now(),'admin');
Insert into FIBI_COST_ELEMENT (COST_ELEMENT,ACTIVE_FLAG,BUDGET_CATEGORY_CODE,DESCRIPTION,FIN_OBJECT_CODE,ON_OFF_CAMPUS_FLAG,UPDATE_TIMESTAMP,UPDATE_USER) values ('420720','Y','21','Contract Services',null,'N',now(),'admin');
Insert into FIBI_COST_ELEMENT (COST_ELEMENT,ACTIVE_FLAG,BUDGET_CATEGORY_CODE,DESCRIPTION,FIN_OBJECT_CODE,ON_OFF_CAMPUS_FLAG,UPDATE_TIMESTAMP,UPDATE_USER) values ('420726','Y','33','Outpatient Services',null,'N',now(),'admin');
Insert into FIBI_COST_ELEMENT (COST_ELEMENT,ACTIVE_FLAG,BUDGET_CATEGORY_CODE,DESCRIPTION,FIN_OBJECT_CODE,ON_OFF_CAMPUS_FLAG,UPDATE_TIMESTAMP,UPDATE_USER) values ('420800','Y','3','Books',null,'N',now(),'admin');
Insert into FIBI_COST_ELEMENT (COST_ELEMENT,ACTIVE_FLAG,BUDGET_CATEGORY_CODE,DESCRIPTION,FIN_OBJECT_CODE,ON_OFF_CAMPUS_FLAG,UPDATE_TIMESTAMP,UPDATE_USER) values ('420825','Y','3','Journals',null,'N',now(),'admin');
Insert into FIBI_COST_ELEMENT (COST_ELEMENT,ACTIVE_FLAG,BUDGET_CATEGORY_CODE,DESCRIPTION,FIN_OBJECT_CODE,ON_OFF_CAMPUS_FLAG,UPDATE_TIMESTAMP,UPDATE_USER) values ('420840','Y','6','Printing',null,'N',now(),'admin');
Insert into FIBI_COST_ELEMENT (COST_ELEMENT,ACTIVE_FLAG,BUDGET_CATEGORY_CODE,DESCRIPTION,FIN_OBJECT_CODE,ON_OFF_CAMPUS_FLAG,UPDATE_TIMESTAMP,UPDATE_USER) values ('420875','Y','6','Publication Charges',null,'N',now(),'admin');
Insert into FIBI_COST_ELEMENT (COST_ELEMENT,ACTIVE_FLAG,BUDGET_CATEGORY_CODE,DESCRIPTION,FIN_OBJECT_CODE,ON_OFF_CAMPUS_FLAG,UPDATE_TIMESTAMP,UPDATE_USER) values ('420890','Y','19','Subscriptions',null,'N',now(),'admin');
Insert into FIBI_COST_ELEMENT (COST_ELEMENT,ACTIVE_FLAG,BUDGET_CATEGORY_CODE,DESCRIPTION,FIN_OBJECT_CODE,ON_OFF_CAMPUS_FLAG,UPDATE_TIMESTAMP,UPDATE_USER) values ('420920','Y','11','Postage Mailing and Shipping',null,'N',now(),'admin');
Insert into FIBI_COST_ELEMENT (COST_ELEMENT,ACTIVE_FLAG,BUDGET_CATEGORY_CODE,DESCRIPTION,FIN_OBJECT_CODE,ON_OFF_CAMPUS_FLAG,UPDATE_TIMESTAMP,UPDATE_USER) values ('421000','Y','18','Meetings-Food and Beverages',null,'N',now(),'admin');
Insert into FIBI_COST_ELEMENT (COST_ELEMENT,ACTIVE_FLAG,BUDGET_CATEGORY_CODE,DESCRIPTION,FIN_OBJECT_CODE,ON_OFF_CAMPUS_FLAG,UPDATE_TIMESTAMP,UPDATE_USER) values ('421010','Y','19','Meetings Allowable',null,'N',now(),'admin');
Insert into FIBI_COST_ELEMENT (COST_ELEMENT,ACTIVE_FLAG,BUDGET_CATEGORY_CODE,DESCRIPTION,FIN_OBJECT_CODE,ON_OFF_CAMPUS_FLAG,UPDATE_TIMESTAMP,UPDATE_USER) values ('421200','Y','3','Food',null,'N',now(),'admin');
Insert into FIBI_COST_ELEMENT (COST_ELEMENT,ACTIVE_FLAG,BUDGET_CATEGORY_CODE,DESCRIPTION,FIN_OBJECT_CODE,ON_OFF_CAMPUS_FLAG,UPDATE_TIMESTAMP,UPDATE_USER) values ('421500','Y','19','Service Facilities',null,'N',now(),'admin');
Insert into FIBI_COST_ELEMENT (COST_ELEMENT,ACTIVE_FLAG,BUDGET_CATEGORY_CODE,DESCRIPTION,FIN_OBJECT_CODE,ON_OFF_CAMPUS_FLAG,UPDATE_TIMESTAMP,UPDATE_USER) values ('421502','Y','22','Service Facilities - Broad SSF F&A',null,'N',now(),'admin');
Insert into FIBI_COST_ELEMENT (COST_ELEMENT,ACTIVE_FLAG,BUDGET_CATEGORY_CODE,DESCRIPTION,FIN_OBJECT_CODE,ON_OFF_CAMPUS_FLAG,UPDATE_TIMESTAMP,UPDATE_USER) values ('421503','Y','22','Sequencing Services-not MTDC',null,'N',now(),'admin');
Insert into FIBI_COST_ELEMENT (COST_ELEMENT,ACTIVE_FLAG,BUDGET_CATEGORY_CODE,DESCRIPTION,FIN_OBJECT_CODE,ON_OFF_CAMPUS_FLAG,UPDATE_TIMESTAMP,UPDATE_USER) values ('421504','Y','13','Reactor Use',null,'N',now(),'admin');
Insert into FIBI_COST_ELEMENT (COST_ELEMENT,ACTIVE_FLAG,BUDGET_CATEGORY_CODE,DESCRIPTION,FIN_OBJECT_CODE,ON_OFF_CAMPUS_FLAG,UPDATE_TIMESTAMP,UPDATE_USER) values ('421510','Y','3','Educational Video Resources',null,'N',now(),'admin');
Insert into FIBI_COST_ELEMENT (COST_ELEMENT,ACTIVE_FLAG,BUDGET_CATEGORY_CODE,DESCRIPTION,FIN_OBJECT_CODE,ON_OFF_CAMPUS_FLAG,UPDATE_TIMESTAMP,UPDATE_USER) values ('421568','Y','1','CWSP Credit - Not MTDC',null,'N',now(),'admin');
Insert into FIBI_COST_ELEMENT (COST_ELEMENT,ACTIVE_FLAG,BUDGET_CATEGORY_CODE,DESCRIPTION,FIN_OBJECT_CODE,ON_OFF_CAMPUS_FLAG,UPDATE_TIMESTAMP,UPDATE_USER) values ('421572','Y','4','Experimental Subjects ',null,'N',now(),'admin');
Insert into FIBI_COST_ELEMENT (COST_ELEMENT,ACTIVE_FLAG,BUDGET_CATEGORY_CODE,DESCRIPTION,FIN_OBJECT_CODE,ON_OFF_CAMPUS_FLAG,UPDATE_TIMESTAMP,UPDATE_USER) values ('421586','Y','19','Memberships and Dues',null,'N',now(),'admin');
Insert into FIBI_COST_ELEMENT (COST_ELEMENT,ACTIVE_FLAG,BUDGET_CATEGORY_CODE,DESCRIPTION,FIN_OBJECT_CODE,ON_OFF_CAMPUS_FLAG,UPDATE_TIMESTAMP,UPDATE_USER) values ('421588','Y','19','Miscellaneous',null,'N',now(),'admin');
Insert into FIBI_COST_ELEMENT (COST_ELEMENT,ACTIVE_FLAG,BUDGET_CATEGORY_CODE,DESCRIPTION,FIN_OBJECT_CODE,ON_OFF_CAMPUS_FLAG,UPDATE_TIMESTAMP,UPDATE_USER) values ('421590','Y','8','Moving',null,'N',now(),'admin');
Insert into FIBI_COST_ELEMENT (COST_ELEMENT,ACTIVE_FLAG,BUDGET_CATEGORY_CODE,DESCRIPTION,FIN_OBJECT_CODE,ON_OFF_CAMPUS_FLAG,UPDATE_TIMESTAMP,UPDATE_USER) values ('421598','Y','9','Research Patient Care',null,'N',now(),'admin');
Insert into FIBI_COST_ELEMENT (COST_ELEMENT,ACTIVE_FLAG,BUDGET_CATEGORY_CODE,DESCRIPTION,FIN_OBJECT_CODE,ON_OFF_CAMPUS_FLAG,UPDATE_TIMESTAMP,UPDATE_USER) values ('421753','Y','12','Telephone - Basic Monthly Service',null,'N',now(),'admin');
Insert into FIBI_COST_ELEMENT (COST_ELEMENT,ACTIVE_FLAG,BUDGET_CATEGORY_CODE,DESCRIPTION,FIN_OBJECT_CODE,ON_OFF_CAMPUS_FLAG,UPDATE_TIMESTAMP,UPDATE_USER) values ('421759','Y','12','Telephone - Toll Calls',null,'N',now(),'admin');
Insert into FIBI_COST_ELEMENT (COST_ELEMENT,ACTIVE_FLAG,BUDGET_CATEGORY_CODE,DESCRIPTION,FIN_OBJECT_CODE,ON_OFF_CAMPUS_FLAG,UPDATE_TIMESTAMP,UPDATE_USER) values ('421762','Y','5','Telephone - Data Facilities',null,'N',now(),'admin');
Insert into FIBI_COST_ELEMENT (COST_ELEMENT,ACTIVE_FLAG,BUDGET_CATEGORY_CODE,DESCRIPTION,FIN_OBJECT_CODE,ON_OFF_CAMPUS_FLAG,UPDATE_TIMESTAMP,UPDATE_USER) values ('421765','Y','12','Telephone - Moves and Installations',null,'N',now(),'admin');
Insert into FIBI_COST_ELEMENT (COST_ELEMENT,ACTIVE_FLAG,BUDGET_CATEGORY_CODE,DESCRIPTION,FIN_OBJECT_CODE,ON_OFF_CAMPUS_FLAG,UPDATE_TIMESTAMP,UPDATE_USER) values ('421766','Y','12','Telecommunications - Consolidated Charges',null,'N',now(),'admin');
Insert into FIBI_COST_ELEMENT (COST_ELEMENT,ACTIVE_FLAG,BUDGET_CATEGORY_CODE,DESCRIPTION,FIN_OBJECT_CODE,ON_OFF_CAMPUS_FLAG,UPDATE_TIMESTAMP,UPDATE_USER) values ('421809','Y','20','Fabricated Equipment - Not MTDC',null,'N',now(),'admin');
Insert into FIBI_COST_ELEMENT (COST_ELEMENT,ACTIVE_FLAG,BUDGET_CATEGORY_CODE,DESCRIPTION,FIN_OBJECT_CODE,ON_OFF_CAMPUS_FLAG,UPDATE_TIMESTAMP,UPDATE_USER) values ('421818','Y','20','Equipment - Not MTDC',null,'N',now(),'admin');
Insert into FIBI_COST_ELEMENT (COST_ELEMENT,ACTIVE_FLAG,BUDGET_CATEGORY_CODE,DESCRIPTION,FIN_OBJECT_CODE,ON_OFF_CAMPUS_FLAG,UPDATE_TIMESTAMP,UPDATE_USER) values ('421827','Y','3','Equipment Minor',null,'N',now(),'admin');
Insert into FIBI_COST_ELEMENT (COST_ELEMENT,ACTIVE_FLAG,BUDGET_CATEGORY_CODE,DESCRIPTION,FIN_OBJECT_CODE,ON_OFF_CAMPUS_FLAG,UPDATE_TIMESTAMP,UPDATE_USER) values ('421833','Y','13','Equipment Rental - Not MTDC',null,'N',now(),'admin');
Insert into FIBI_COST_ELEMENT (COST_ELEMENT,ACTIVE_FLAG,BUDGET_CATEGORY_CODE,DESCRIPTION,FIN_OBJECT_CODE,ON_OFF_CAMPUS_FLAG,UPDATE_TIMESTAMP,UPDATE_USER) values ('421900','Y','17','Computer Supplies and Peripherals',null,'N',now(),'admin');
Insert into FIBI_COST_ELEMENT (COST_ELEMENT,ACTIVE_FLAG,BUDGET_CATEGORY_CODE,DESCRIPTION,FIN_OBJECT_CODE,ON_OFF_CAMPUS_FLAG,UPDATE_TIMESTAMP,UPDATE_USER) values ('421925','Y','17','Software',null,'N',now(),'admin');
Insert into FIBI_COST_ELEMENT (COST_ELEMENT,ACTIVE_FLAG,BUDGET_CATEGORY_CODE,DESCRIPTION,FIN_OBJECT_CODE,ON_OFF_CAMPUS_FLAG,UPDATE_TIMESTAMP,UPDATE_USER) values ('422310','Y','19','Tuition - RA - Not MTDC',null,'N',now(),'admin');
Insert into FIBI_COST_ELEMENT (COST_ELEMENT,ACTIVE_FLAG,BUDGET_CATEGORY_CODE,DESCRIPTION,FIN_OBJECT_CODE,ON_OFF_CAMPUS_FLAG,UPDATE_TIMESTAMP,UPDATE_USER) values ('422315','Y','32','Stipends - Not MTDC',null,'N',now(),'admin');
Insert into FIBI_COST_ELEMENT (COST_ELEMENT,ACTIVE_FLAG,BUDGET_CATEGORY_CODE,DESCRIPTION,FIN_OBJECT_CODE,ON_OFF_CAMPUS_FLAG,UPDATE_TIMESTAMP,UPDATE_USER) values ('422320','Y','19','Undergrad Student Fees - No Overhead',null,'N',now(),'admin');

Insert into FIBI_GRANT_CALL_ATTACH_TYPE (GRANT_ATTACHMNT_TYPE_CODE,DESCRIPTION,UPDATE_TIMESTAMP,UPDATE_USER) values (1,'Funding Agency Guidelines',now(),'admin');
Insert into FIBI_GRANT_CALL_ATTACH_TYPE (GRANT_ATTACHMNT_TYPE_CODE,DESCRIPTION,UPDATE_TIMESTAMP,UPDATE_USER) values (2,'Administrative Guidelines',now(),'admin');
Insert into FIBI_GRANT_CALL_ATTACH_TYPE (GRANT_ATTACHMNT_TYPE_CODE,DESCRIPTION,UPDATE_TIMESTAMP,UPDATE_USER) values (3,'Application Form For External Grants',now(),'admin');
Insert into FIBI_GRANT_CALL_ATTACH_TYPE (GRANT_ATTACHMNT_TYPE_CODE,DESCRIPTION,UPDATE_TIMESTAMP,UPDATE_USER) values (4,'Application Form For Internal Grants',now(),'admin');
Insert into FIBI_GRANT_CALL_ATTACH_TYPE (GRANT_ATTACHMNT_TYPE_CODE,DESCRIPTION,UPDATE_TIMESTAMP,UPDATE_USER) values (5,'Application Form For Others Grants',now(),'admin');

Insert into FIBI_GRANT_CALL_CRITERIA (GRANT_CRITERIA_CODE,DESCRIPTION,UPDATE_TIMESTAMP,UPDATE_USER) values (1,'Faculty Category',now(),'admin');
Insert into FIBI_GRANT_CALL_CRITERIA (GRANT_CRITERIA_CODE,DESCRIPTION,UPDATE_TIMESTAMP,UPDATE_USER) values (2,'Faculty Track',now(),'admin');
Insert into FIBI_GRANT_CALL_CRITERIA (GRANT_CRITERIA_CODE,DESCRIPTION,UPDATE_TIMESTAMP,UPDATE_USER) values (3,'Rank of Faculty',now(),'admin');
Insert into FIBI_GRANT_CALL_CRITERIA (GRANT_CRITERIA_CODE,DESCRIPTION,UPDATE_TIMESTAMP,UPDATE_USER) values (4,'School',now(),'admin');

Insert into FIBI_GRANT_CALL_ELGIBLITY_TYPE (GRANT_ELGBLTY_TYPE_CODE,DESCRIPTION,UPDATE_TIMESTAMP,UPDATE_USER) values (1,'Full time faculty only',now(),'admin');
Insert into FIBI_GRANT_CALL_ELGIBLITY_TYPE (GRANT_ELGBLTY_TYPE_CODE,DESCRIPTION,UPDATE_TIMESTAMP,UPDATE_USER) values (2,'Practice Track',now(),'admin');
Insert into FIBI_GRANT_CALL_ELGIBLITY_TYPE (GRANT_ELGBLTY_TYPE_CODE,DESCRIPTION,UPDATE_TIMESTAMP,UPDATE_USER) values (3,'Education Track',now(),'admin');
Insert into FIBI_GRANT_CALL_ELGIBLITY_TYPE (GRANT_ELGBLTY_TYPE_CODE,DESCRIPTION,UPDATE_TIMESTAMP,UPDATE_USER) values (4,'Tenure Track',now(),'admin');
Insert into FIBI_GRANT_CALL_ELGIBLITY_TYPE (GRANT_ELGBLTY_TYPE_CODE,DESCRIPTION,UPDATE_TIMESTAMP,UPDATE_USER) values (5,'Professor',now(),'admin');

Insert into FIBI_GRANT_CALL_STATUS (GRANT_STATUS_CODE,DESCRIPTION,UPDATE_TIMESTAMP,UPDATE_USER) values (1,'Draft',now(),'admin');
Insert into FIBI_GRANT_CALL_STATUS (GRANT_STATUS_CODE,DESCRIPTION,UPDATE_TIMESTAMP,UPDATE_USER) values (2,'Open',now(),'admin');
Insert into FIBI_GRANT_CALL_STATUS (GRANT_STATUS_CODE,DESCRIPTION,UPDATE_TIMESTAMP,UPDATE_USER) values (3,'Closed',now(),'admin');

Insert into FIBI_GRANT_CALL_TYPE (GRANT_TYPE_CODE,DESCRIPTION,UPDATE_TIMESTAMP,UPDATE_USER) values (1,'Internal',now(),'admin');
Insert into FIBI_GRANT_CALL_TYPE (GRANT_TYPE_CODE,DESCRIPTION,UPDATE_TIMESTAMP,UPDATE_USER) values (2,'External',now(),'admin');
Insert into FIBI_GRANT_CALL_TYPE (GRANT_TYPE_CODE,DESCRIPTION,UPDATE_TIMESTAMP,UPDATE_USER) values (3,'Others',now(),'admin');

Insert into FIBI_MINUTE_ENTRY_TYPE (MINUTE_ENTRY_TYPE_CODE,SORT_ID,DESCRIPTION,UPDATE_TIMESTAMP,UPDATE_USER) values (1,1,'General Comments',now(),'admin');
Insert into FIBI_MINUTE_ENTRY_TYPE (MINUTE_ENTRY_TYPE_CODE,SORT_ID,DESCRIPTION,UPDATE_TIMESTAMP,UPDATE_USER) values (2,2,'Attendance',now(),'admin');
Insert into FIBI_MINUTE_ENTRY_TYPE (MINUTE_ENTRY_TYPE_CODE,SORT_ID,DESCRIPTION,UPDATE_TIMESTAMP,UPDATE_USER) values (3,5,'Protocol',now(),'admin');
Insert into FIBI_MINUTE_ENTRY_TYPE (MINUTE_ENTRY_TYPE_CODE,SORT_ID,DESCRIPTION,UPDATE_TIMESTAMP,UPDATE_USER) values (4,4,'Other Business',now(),'admin');
Insert into FIBI_MINUTE_ENTRY_TYPE (MINUTE_ENTRY_TYPE_CODE,SORT_ID,DESCRIPTION,UPDATE_TIMESTAMP,UPDATE_USER) values (5,3,'Adverse Events',now(),'admin');
Insert into FIBI_MINUTE_ENTRY_TYPE (MINUTE_ENTRY_TYPE_CODE,SORT_ID,DESCRIPTION,UPDATE_TIMESTAMP,UPDATE_USER) values (6,5,'Protocol Reviewer Comment',now(),'admin');

Insert into FIBI_BUDGET_CATEGORY (BUDGET_CATEGORY_CODE,DESCRIPTION,UPDATE_TIMESTAMP,UPDATE_USER) values ('1','Expenditure on Manpower (EOM)',now(),'admin');
Insert into FIBI_BUDGET_CATEGORY (BUDGET_CATEGORY_CODE,DESCRIPTION,UPDATE_TIMESTAMP,UPDATE_USER) values ('2','Equipment (EQPT)',now(),'admin');
Insert into FIBI_BUDGET_CATEGORY (BUDGET_CATEGORY_CODE,DESCRIPTION,UPDATE_TIMESTAMP,UPDATE_USER) values ('3','Other Operating Expenses (OOE)',now(),'admin');

Insert into FIBI_EXCELLENCE_AREA (EXCELLENCE_AREA_CODE,DESCRIPTION,UPDATE_TIMESTAMP,UPDATE_USER) values (1,'Analytics for Business, Consumer and Social Insights',now(),'admin');
Insert into FIBI_EXCELLENCE_AREA (EXCELLENCE_AREA_CODE,DESCRIPTION,UPDATE_TIMESTAMP,UPDATE_USER) values (2,'Finance & Financial Markets',now(),'admin');
Insert into FIBI_EXCELLENCE_AREA (EXCELLENCE_AREA_CODE,DESCRIPTION,UPDATE_TIMESTAMP,UPDATE_USER) values (3,'Innovation and Entrepreneurship',now(),'admin');
Insert into FIBI_EXCELLENCE_AREA (EXCELLENCE_AREA_CODE,DESCRIPTION,UPDATE_TIMESTAMP,UPDATE_USER) values (4,'Urban Management & Sustainability',now(),'admin');
Insert into FIBI_EXCELLENCE_AREA (EXCELLENCE_AREA_CODE,DESCRIPTION,UPDATE_TIMESTAMP,UPDATE_USER) values (5,'Ageing & Healthcare Management',now(),'admin');

Insert into FIBI_PROPOSAL_ATTACH_TYPE (ATTACHMNT_TYPE_CODE,DESCRIPTION,UPDATE_TIMESTAMP,UPDATE_USER) values (1,'Funding Agency Guidelines',now(),'admin');
Insert into FIBI_PROPOSAL_ATTACH_TYPE (ATTACHMNT_TYPE_CODE,DESCRIPTION,UPDATE_TIMESTAMP,UPDATE_USER) values (2,'Administrative Guidelines',now(),'admin');
Insert into FIBI_PROPOSAL_ATTACH_TYPE (ATTACHMNT_TYPE_CODE,DESCRIPTION,UPDATE_TIMESTAMP,UPDATE_USER) values (3,'Application Form For External Grants',now(),'admin');
Insert into FIBI_PROPOSAL_ATTACH_TYPE (ATTACHMNT_TYPE_CODE,DESCRIPTION,UPDATE_TIMESTAMP,UPDATE_USER) values (4,'Application Form For Internal Grants',now(),'admin');
Insert into FIBI_PROPOSAL_ATTACH_TYPE (ATTACHMNT_TYPE_CODE,DESCRIPTION,UPDATE_TIMESTAMP,UPDATE_USER) values (5,'Application Form For Others Grants',now(),'admin');

Insert into FIBI_PROPOSAL_CATEGORY (CATEGORY_CODE,DESCRIPTION,UPDATE_TIMESTAMP,UPDATE_USER) values (1,'Category A',now(),'admin');
Insert into FIBI_PROPOSAL_CATEGORY (CATEGORY_CODE,DESCRIPTION,UPDATE_TIMESTAMP,UPDATE_USER) values (2,'Category B',now(),'admin');

Insert into FIBI_PROPOSAL_COST_ELEMENT (COST_ELEMENT,DESCRIPTION,BUDGET_CATEGORY_CODE,UPDATE_TIMESTAMP,UPDATE_USER,ACTIVE_FLAG) values ('1','Student Assistents','1',now(),'admin','Y');
Insert into FIBI_PROPOSAL_COST_ELEMENT (COST_ELEMENT,DESCRIPTION,BUDGET_CATEGORY_CODE,UPDATE_TIMESTAMP,UPDATE_USER,ACTIVE_FLAG) values ('2','Research Assistents','1',now(),'admin','Y');
Insert into FIBI_PROPOSAL_COST_ELEMENT (COST_ELEMENT,DESCRIPTION,BUDGET_CATEGORY_CODE,UPDATE_TIMESTAMP,UPDATE_USER,ACTIVE_FLAG) values ('3','Computer','2',now(),'admin','Y');
Insert into FIBI_PROPOSAL_COST_ELEMENT (COST_ELEMENT,DESCRIPTION,BUDGET_CATEGORY_CODE,UPDATE_TIMESTAMP,UPDATE_USER,ACTIVE_FLAG) values ('4','Oversees Travel','3',now(),'admin','Y');
Insert into FIBI_PROPOSAL_COST_ELEMENT (COST_ELEMENT,DESCRIPTION,BUDGET_CATEGORY_CODE,UPDATE_TIMESTAMP,UPDATE_USER,ACTIVE_FLAG) values ('5','Publications & Related Changes','3',now(),'admin','Y');

Insert into FIBI_PROPOSAL_ICL (ICL_CODE,DESCRIPTION,UPDATE_TIMESTAMP,UPDATE_USER) values (1,'Behavioural Sciences Institute',now(),'admin');
Insert into FIBI_PROPOSAL_ICL (ICL_CODE,DESCRIPTION,UPDATE_TIMESTAMP,UPDATE_USER) values (2,'Business Families Institute',now(),'admin');

Insert into FIBI_PROPOSAL_RESRCH_TYPE (RESRCH_TYPE_CODE,DESCRIPTION,UPDATE_TIMESTAMP,UPDATE_USER) values (1,'Area of Research',now(),'admin');
Insert into FIBI_PROPOSAL_RESRCH_TYPE (RESRCH_TYPE_CODE,DESCRIPTION,UPDATE_TIMESTAMP,UPDATE_USER) values (2,'Area of Excellence',now(),'admin');

Insert into FIBI_PROPOSAL_STATUS (STATUS_CODE,DESCRIPTION,UPDATE_TIMESTAMP,UPDATE_USER) values (1,'In Progress',now(),'admin');
Insert into FIBI_PROPOSAL_STATUS (STATUS_CODE,DESCRIPTION,UPDATE_TIMESTAMP,UPDATE_USER) values (2,'Approval In Progress',now(),'admin');
Insert into FIBI_PROPOSAL_STATUS (STATUS_CODE,DESCRIPTION,UPDATE_TIMESTAMP,UPDATE_USER) values (3,'Returned',now(),'admin');
Insert into FIBI_PROPOSAL_STATUS (STATUS_CODE,DESCRIPTION,UPDATE_TIMESTAMP,UPDATE_USER) values (4,'Approved',now(),'admin');
Insert into FIBI_PROPOSAL_STATUS (STATUS_CODE,DESCRIPTION,UPDATE_TIMESTAMP,UPDATE_USER) values (5,'Submitted',now(),'admin');
Insert into FIBI_PROPOSAL_STATUS (STATUS_CODE,DESCRIPTION,UPDATE_TIMESTAMP,UPDATE_USER) values (6,'Post-Submission Approval',now(),'admin');
Insert into FIBI_PROPOSAL_STATUS (STATUS_CODE,DESCRIPTION,UPDATE_TIMESTAMP,UPDATE_USER) values (7,'Post-Submission Return',now(),'admin');
Insert into FIBI_PROPOSAL_STATUS (STATUS_CODE,DESCRIPTION,UPDATE_TIMESTAMP,UPDATE_USER) values (8,'Review In Progress',now(),'admin');
Insert into FIBI_PROPOSAL_STATUS (STATUS_CODE,DESCRIPTION,UPDATE_TIMESTAMP,UPDATE_USER) values (9,'Revision Requested',now(),'admin');
Insert into FIBI_PROPOSAL_STATUS (STATUS_CODE,DESCRIPTION,UPDATE_TIMESTAMP,UPDATE_USER) values (10,'Waiting For Endorsement',now(),'admin');
Insert into FIBI_PROPOSAL_STATUS (STATUS_CODE,DESCRIPTION,UPDATE_TIMESTAMP,UPDATE_USER) values (11,'Awarded',now(),'admin');


Insert into FIBI_PROPOSAL_TYPE (TYPE_CODE,DESCRIPTION,UPDATE_TIMESTAMP,UPDATE_USER) values (1,'New',now(),'admin');
Insert into FIBI_PROPOSAL_TYPE (TYPE_CODE,DESCRIPTION,UPDATE_TIMESTAMP,UPDATE_USER) values (2,'Resubmission',now(),'admin');
Insert into FIBI_PROPOSAL_TYPE (TYPE_CODE,DESCRIPTION,UPDATE_TIMESTAMP,UPDATE_USER) values (3,'Renewal',now(),'admin');
Insert into FIBI_PROPOSAL_TYPE (TYPE_CODE,DESCRIPTION,UPDATE_TIMESTAMP,UPDATE_USER) values (4,'Continuation',now(),'admin');
Insert into FIBI_PROPOSAL_TYPE (TYPE_CODE,DESCRIPTION,UPDATE_TIMESTAMP,UPDATE_USER) values (5,'Revision',now(),'admin');
Insert into FIBI_PROPOSAL_TYPE (TYPE_CODE,DESCRIPTION,UPDATE_TIMESTAMP,UPDATE_USER) values (6,'Task Order',now(),'admin');
Insert into FIBI_PROPOSAL_TYPE (TYPE_CODE,DESCRIPTION,UPDATE_TIMESTAMP,UPDATE_USER) values (500,'New - Change/Corrected',now(),'admin');
Insert into FIBI_PROPOSAL_TYPE (TYPE_CODE,DESCRIPTION,UPDATE_TIMESTAMP,UPDATE_USER) values (501,'Pre Proposal',now(),'admin');
Insert into FIBI_PROPOSAL_TYPE (TYPE_CODE,DESCRIPTION,UPDATE_TIMESTAMP,UPDATE_USER) values (502,'Supplement-Changed/Corrected',now(),'admin');
Insert into FIBI_PROPOSAL_TYPE (TYPE_CODE,DESCRIPTION,UPDATE_TIMESTAMP,UPDATE_USER) values (503,'Resubmission-Changed/Corrected',now(),'admin');
Insert into FIBI_PROPOSAL_TYPE (TYPE_CODE,DESCRIPTION,UPDATE_TIMESTAMP,UPDATE_USER) values (504,'Budget-SOW Update',now(),'admin');
Insert into FIBI_PROPOSAL_TYPE (TYPE_CODE,DESCRIPTION,UPDATE_TIMESTAMP,UPDATE_USER) values (505,'Renewal-Changed/Corrected',now(),'admin');

Insert into FIBI_WORKFLOW_ROLE_TYPE (ROLE_TYPE_CODE,DESCRIPTION,UPDATE_TIMESTAMP,UPDATE_USER) values (1,'Grant Manager',now(),'admin');
Insert into FIBI_WORKFLOW_ROLE_TYPE (ROLE_TYPE_CODE,DESCRIPTION,UPDATE_TIMESTAMP,UPDATE_USER) values (2,'Grant Administarator',now(),'admin');
Insert into FIBI_WORKFLOW_ROLE_TYPE (ROLE_TYPE_CODE,DESCRIPTION,UPDATE_TIMESTAMP,UPDATE_USER) values (3,'Grant Reviewer',now(),'admin');
Insert into FIBI_WORKFLOW_ROLE_TYPE (ROLE_TYPE_CODE,DESCRIPTION,UPDATE_TIMESTAMP,UPDATE_USER) values (4,'Grant Investigator',now(),'admin');

Insert into FIBI_WORKFLOW_STATUS (APPROVAL_STATUS_CODE,APPROVAL_STATUS,UPDATE_TIMESTAMP,UPDATE_USER) values ('W','Waiting for approval',now(),'admin');
Insert into FIBI_WORKFLOW_STATUS (APPROVAL_STATUS_CODE,APPROVAL_STATUS,UPDATE_TIMESTAMP,UPDATE_USER) values ('T','To be submitted',now(),'admin');
Insert into FIBI_WORKFLOW_STATUS (APPROVAL_STATUS_CODE,APPROVAL_STATUS,UPDATE_TIMESTAMP,UPDATE_USER) values ('A','Approved',now(),'admin');
Insert into FIBI_WORKFLOW_STATUS (APPROVAL_STATUS_CODE,APPROVAL_STATUS,UPDATE_TIMESTAMP,UPDATE_USER) values ('AO','Approved by other',now(),'admin');
Insert into FIBI_WORKFLOW_STATUS (APPROVAL_STATUS_CODE,APPROVAL_STATUS,UPDATE_TIMESTAMP,UPDATE_USER) values ('R','Rejected',now(),'admin');
Insert into FIBI_WORKFLOW_STATUS (APPROVAL_STATUS_CODE,APPROVAL_STATUS,UPDATE_TIMESTAMP,UPDATE_USER) values ('RO','Rejected by other',now(),'admin');
Insert into FIBI_WORKFLOW_STATUS (APPROVAL_STATUS_CODE,APPROVAL_STATUS,UPDATE_TIMESTAMP,UPDATE_USER) values ('RD','Recalled',now(),'admin');
Insert into FIBI_WORKFLOW_STATUS (APPROVAL_STATUS_CODE,APPROVAL_STATUS,UPDATE_TIMESTAMP,UPDATE_USER) values ('WR','Waiting for review',now(),'admin');
Insert into FIBI_WORKFLOW_STATUS (APPROVAL_STATUS_CODE,APPROVAL_STATUS,UPDATE_TIMESTAMP,UPDATE_USER) values ('RC','Review completed',now(),'admin');
commit;

/*Insert into KRCR_PARM_T (NMSPC_CD,CMPNT_CD,PARM_NM,OBJ_ID,VER_NBR,PARM_TYP_CD,VAL,PARM_DESC_TXT,EVAL_OPRTR_CD,APPL_ID) values ('KC-GEN','All','BUDGET_RESEARCH_OH_ON',UUID(),1,'CONFG','422121','KC Companion Research OH ON Cost Element','A','KC');
Insert into KRCR_PARM_T (NMSPC_CD,CMPNT_CD,PARM_NM,OBJ_ID,VER_NBR,PARM_TYP_CD,VAL,PARM_DESC_TXT,EVAL_OPRTR_CD,APPL_ID) values ('KC-GEN','All','BUDGET_RESEARCH_OH_OFF',UUID(),1,'CONFG','400315','KC Companion Research OH OFF Cost Element','A','KC');
Insert into KRCR_PARM_T (NMSPC_CD,CMPNT_CD,PARM_NM,OBJ_ID,VER_NBR,PARM_TYP_CD,VAL,PARM_DESC_TXT,EVAL_OPRTR_CD,APPL_ID) values ('KC-GEN','All','BUDGET_OH_ON',UUID(),1,'CONFG','422123','KC Companion OH ON Cost Element','A','KC');
Insert into KRCR_PARM_T (NMSPC_CD,CMPNT_CD,PARM_NM,OBJ_ID,VER_NBR,PARM_TYP_CD,VAL,PARM_DESC_TXT,EVAL_OPRTR_CD,APPL_ID) values ('KC-GEN','All','BUDGET_OH_OFF',UUID(),1,'CONFG','422311','KC Companion OH OFF Cost Element','A','KC');
Insert into KRCR_PARM_T (NMSPC_CD,CMPNT_CD,PARM_NM,OBJ_ID,VER_NBR,PARM_TYP_CD,VAL,PARM_DESC_TXT,EVAL_OPRTR_CD,APPL_ID) values ('KC-GEN','All','BUDGET_FRINGE_ON',UUID(),1,'CONFG','422127','KC Companion Fringe ON Cost Element','A','KC');
Insert into KRCR_PARM_T (NMSPC_CD,CMPNT_CD,PARM_NM,OBJ_ID,VER_NBR,PARM_TYP_CD,VAL,PARM_DESC_TXT,EVAL_OPRTR_CD,APPL_ID) values ('KC-GEN','All','BUDGET_FRINGE_OFF',UUID(),1,'CONFG','420198','KC Companion Fringe OFF Cost Element','A','KC');
commit;
*/
Insert into UNIT_ADMINISTRATOR_TYPE (UNIT_ADMINISTRATOR_TYPE_CODE,DESCRIPTION,UPDATE_TIMESTAMP,UPDATE_USER,VER_NBR,DEFAULT_GROUP_FLAG,MULTIPLES_FLAG,OBJ_ID) values ('10','SMU Manager',now(),'admin',1,'C','N',UUID());
Insert into UNIT_ADMINISTRATOR_TYPE (UNIT_ADMINISTRATOR_TYPE_CODE,DESCRIPTION,UPDATE_TIMESTAMP,UPDATE_USER,VER_NBR,DEFAULT_GROUP_FLAG,MULTIPLES_FLAG,OBJ_ID) values ('11','SMU Provost',now(),'admin',1,'C','N',UUID());
commit;

Insert into FIBI_WORKFLOW_MAP (MAP_ID,DESCRIPTION,UPDATE_TIMESTAMP,UPDATE_USER) values (1,'Proposal',now(),'admin');

Insert into FIBI_WORKFLOW_MAP_DETAIL (MAP_DETAIL_ID,APPROVAL_STOP_NUMBER,APPROVER_NUMBER,APPROVER_PERSON_ID,DESCRIPTION,IS_ROLE,MAP_ID,PRIMARY_APPROVER_FLAG,ROLE_TYPE_CODE,UPDATE_TIMESTAMP,UPDATE_USER,APPROVER_PERSON_NAME,EMAIL_ADDRESS) values (1,1,1,'1232',null,'Y',1,'Y',1,now(),'admin','Atkinson, Judith','anu@polussolutions.com');
Insert into FIBI_WORKFLOW_MAP_DETAIL (MAP_DETAIL_ID,APPROVAL_STOP_NUMBER,APPROVER_NUMBER,APPROVER_PERSON_ID,DESCRIPTION,IS_ROLE,MAP_ID,PRIMARY_APPROVER_FLAG,ROLE_TYPE_CODE,UPDATE_TIMESTAMP,UPDATE_USER,APPROVER_PERSON_NAME,EMAIL_ADDRESS) values (2,2,1,'1248',null,'Y',1,'Y',2,now(),'admin','Bacon, Lycressia','anu@polussolutions.com');
Insert into FIBI_WORKFLOW_MAP_DETAIL (MAP_DETAIL_ID,APPROVAL_STOP_NUMBER,APPROVER_NUMBER,APPROVER_PERSON_ID,DESCRIPTION,IS_ROLE,MAP_ID,PRIMARY_APPROVER_FLAG,ROLE_TYPE_CODE,UPDATE_TIMESTAMP,UPDATE_USER,APPROVER_PERSON_NAME,EMAIL_ADDRESS) values (3,3,1,'1291',null,'Y',1,'Y',3,now(),'admin','Beebe, John','anu@polussolutions.com');

Insert into UNIT_ADMINISTRATOR (UNIT_NUMBER,PERSON_ID,UNIT_ADMINISTRATOR_TYPE_CODE,UPDATE_TIMESTAMP,UPDATE_USER,VER_NBR,OBJ_ID) values ('000001','1232','10',now(),'quickstart',1,UUID());
Insert into UNIT_ADMINISTRATOR (UNIT_NUMBER,PERSON_ID,UNIT_ADMINISTRATOR_TYPE_CODE,UPDATE_TIMESTAMP,UPDATE_USER,VER_NBR,OBJ_ID) values ('000001','1248','11',now(),'quickstart',1,UUID());
commit;

Insert into UNIT_ADMINISTRATOR (UNIT_NUMBER,PERSON_ID,UNIT_ADMINISTRATOR_TYPE_CODE,UPDATE_TIMESTAMP,UPDATE_USER,VER_NBR,OBJ_ID) values ('000001','1232','3',now(),'quickstart',1,UUID());
Insert into UNIT_ADMINISTRATOR (UNIT_NUMBER,PERSON_ID,UNIT_ADMINISTRATOR_TYPE_CODE,UPDATE_TIMESTAMP,UPDATE_USER,VER_NBR,OBJ_ID) values ('000001','1541','3',now(),'quickstart',1,UUID());
Insert into UNIT_ADMINISTRATOR (UNIT_NUMBER,PERSON_ID,UNIT_ADMINISTRATOR_TYPE_CODE,UPDATE_TIMESTAMP,UPDATE_USER,VER_NBR,OBJ_ID) values ('000001','10000000001','3',now(),'admin',1,UUID());
commit;

INSERT INTO FIBI_proposal_attach_type (ATTACHMNT_TYPE_CODE, DESCRIPTION, UPDATE_TIMESTAMP, UPDATE_USER) VALUES (800, 'Appendix', now(), 'admin');
INSERT INTO FIBI_proposal_attach_type (ATTACHMNT_TYPE_CODE, DESCRIPTION, UPDATE_TIMESTAMP, UPDATE_USER) VALUES (801, 'Authentication of Key Biological and/or Chemical Resources', now(), 'admin');
INSERT INTO FIBI_proposal_attach_type (ATTACHMNT_TYPE_CODE, DESCRIPTION, UPDATE_TIMESTAMP, UPDATE_USER) VALUES (802, 'Bibliography & References Cited', now(), 'admin');
INSERT INTO FIBI_proposal_attach_type (ATTACHMNT_TYPE_CODE, DESCRIPTION, UPDATE_TIMESTAMP, UPDATE_USER) VALUES (803, 'Budget Form', now(), 'admin');
INSERT INTO FIBI_proposal_attach_type (ATTACHMNT_TYPE_CODE, DESCRIPTION, UPDATE_TIMESTAMP, UPDATE_USER) VALUES (804, 'Consortium/Contractual Arrangements', now(), 'admin');
INSERT INTO FIBI_proposal_attach_type (ATTACHMNT_TYPE_CODE, DESCRIPTION, UPDATE_TIMESTAMP, UPDATE_USER) VALUES (805, 'Cover Letter', now(), 'admin');
INSERT INTO FIBI_proposal_attach_type (ATTACHMNT_TYPE_CODE, DESCRIPTION, UPDATE_TIMESTAMP, UPDATE_USER) VALUES (806, 'Equipment', now(), 'admin');
INSERT INTO FIBI_proposal_attach_type (ATTACHMNT_TYPE_CODE, DESCRIPTION, UPDATE_TIMESTAMP, UPDATE_USER) VALUES (807, 'Facilities & Other Resources', now(), 'admin');
INSERT INTO FIBI_proposal_attach_type (ATTACHMNT_TYPE_CODE, DESCRIPTION, UPDATE_TIMESTAMP, UPDATE_USER) VALUES (808, 'Human Subjects - Inclusion of Women, Minorities & Children  ', now(), 'admin');
INSERT INTO FIBI_proposal_attach_type (ATTACHMNT_TYPE_CODE, DESCRIPTION, UPDATE_TIMESTAMP, UPDATE_USER) VALUES (809, 'Human Subjects - Recruitment & Retention Plan', now(), 'admin');
INSERT INTO FIBI_proposal_attach_type (ATTACHMNT_TYPE_CODE, DESCRIPTION, UPDATE_TIMESTAMP, UPDATE_USER) VALUES (810, 'Human Subjects - Study Timeline', now(), 'admin');
INSERT INTO FIBI_proposal_attach_type (ATTACHMNT_TYPE_CODE, DESCRIPTION, UPDATE_TIMESTAMP, UPDATE_USER) VALUES (811, 'Human Subjects - Protection of Human Subjects', now(), 'admin');
INSERT INTO FIBI_proposal_attach_type (ATTACHMNT_TYPE_CODE, DESCRIPTION, UPDATE_TIMESTAMP, UPDATE_USER) VALUES (812, 'Human Subjects - Single IRB Plan', now(), 'admin');
INSERT INTO FIBI_proposal_attach_type (ATTACHMNT_TYPE_CODE, DESCRIPTION, UPDATE_TIMESTAMP, UPDATE_USER) VALUES (813, 'Human Subjects - Data & Safety Monitoring Plan', now(), 'admin');
INSERT INTO FIBI_proposal_attach_type (ATTACHMNT_TYPE_CODE, DESCRIPTION, UPDATE_TIMESTAMP, UPDATE_USER) VALUES (814, 'Human Subjects - Overall Structure of the Study Team', now(), 'admin');
INSERT INTO FIBI_proposal_attach_type (ATTACHMNT_TYPE_CODE, DESCRIPTION, UPDATE_TIMESTAMP, UPDATE_USER) VALUES (815, 'Human Subjects - Statistical Design & Power', now(), 'admin');
INSERT INTO FIBI_proposal_attach_type (ATTACHMNT_TYPE_CODE, DESCRIPTION, UPDATE_TIMESTAMP, UPDATE_USER) VALUES (816, 'Human Subjects - Subject Participation Duration', now(), 'admin');
INSERT INTO FIBI_proposal_attach_type (ATTACHMNT_TYPE_CODE, DESCRIPTION, UPDATE_TIMESTAMP, UPDATE_USER) VALUES (817, 'Human Subjects - Investigational Product & New Drug/Device Status', now(), 'admin');
INSERT INTO FIBI_proposal_attach_type (ATTACHMNT_TYPE_CODE, DESCRIPTION, UPDATE_TIMESTAMP, UPDATE_USER) VALUES (818, 'Human Subjects - Dissemination Plan', now(), 'admin');
INSERT INTO FIBI_proposal_attach_type (ATTACHMNT_TYPE_CODE, DESCRIPTION, UPDATE_TIMESTAMP, UPDATE_USER) VALUES (819, 'Human Subjects - Other Clinical Trial-Related Attachments', now(), 'admin');
INSERT INTO FIBI_proposal_attach_type (ATTACHMNT_TYPE_CODE, DESCRIPTION, UPDATE_TIMESTAMP, UPDATE_USER) VALUES (820, 'Introduction', now(), 'admin');
INSERT INTO FIBI_proposal_attach_type (ATTACHMNT_TYPE_CODE, DESCRIPTION, UPDATE_TIMESTAMP, UPDATE_USER) VALUES (821, 'Letters of Support', now(), 'admin');
INSERT INTO FIBI_proposal_attach_type (ATTACHMNT_TYPE_CODE, DESCRIPTION, UPDATE_TIMESTAMP, UPDATE_USER) VALUES (822, 'Multiple PI Leadership Plan', now(), 'admin');
INSERT INTO FIBI_proposal_attach_type (ATTACHMNT_TYPE_CODE, DESCRIPTION, UPDATE_TIMESTAMP, UPDATE_USER) VALUES (823, 'Narrative', now(), 'admin');
INSERT INTO FIBI_proposal_attach_type (ATTACHMNT_TYPE_CODE, DESCRIPTION, UPDATE_TIMESTAMP, UPDATE_USER) VALUES (824, 'Other Attachments', now(), 'admin');
INSERT INTO FIBI_proposal_attach_type (ATTACHMNT_TYPE_CODE, DESCRIPTION, UPDATE_TIMESTAMP, UPDATE_USER) VALUES (825, 'Pre-Application / LOI', now(), 'admin');
INSERT INTO FIBI_proposal_attach_type (ATTACHMNT_TYPE_CODE, DESCRIPTION, UPDATE_TIMESTAMP, UPDATE_USER) VALUES (826, 'Progress Report Publication List', now(), 'admin');
INSERT INTO FIBI_proposal_attach_type (ATTACHMNT_TYPE_CODE, DESCRIPTION, UPDATE_TIMESTAMP, UPDATE_USER) VALUES (827, 'Research Strategy/Plan', now(), 'admin');
INSERT INTO FIBI_proposal_attach_type (ATTACHMNT_TYPE_CODE, DESCRIPTION, UPDATE_TIMESTAMP, UPDATE_USER) VALUES (828, 'RPPR Progress Report', now(), 'admin');
INSERT INTO FIBI_proposal_attach_type (ATTACHMNT_TYPE_CODE, DESCRIPTION, UPDATE_TIMESTAMP, UPDATE_USER) VALUES (829, 'Subaward Budget Form', now(), 'admin');
INSERT INTO FIBI_proposal_attach_type (ATTACHMNT_TYPE_CODE, DESCRIPTION, UPDATE_TIMESTAMP, UPDATE_USER) VALUES (830, 'Supplementary Documentation', now(), 'admin');
INSERT INTO FIBI_proposal_attach_type (ATTACHMNT_TYPE_CODE, DESCRIPTION, UPDATE_TIMESTAMP, UPDATE_USER) VALUES (831, 'Vertebrate Animals', now(), 'admin');
commit;

------------------------------script for institute rate-------------------------------------------------------
insert into seq_institute_rates_id values(null);
INSERT INTO institute_rates (ACTIVE_FLAG,RATE_CLASS_CODE,RATE_TYPE_CODE,ACTIVITY_TYPE_CODE,FISCAL_YEAR,START_DATE,ON_OFF_CAMPUS_FLAG,RATE,UPDATE_TIMESTAMP,UPDATE_USER,UNIT_NUMBER,VER_NBR,OBJ_ID,INSTITUTE_RATE_ID)
VALUES('Y',5,2,1,2018,"2018-07-01 00:00:00",'N',14.40,"2017-03-14 14:37:13",'admin','000001',1,UUID(),(SELECT max(id) FROM seq_institute_rates_id));

insert into seq_institute_rates_id values(null);
INSERT INTO institute_rates (ACTIVE_FLAG,RATE_CLASS_CODE,RATE_TYPE_CODE,ACTIVITY_TYPE_CODE,FISCAL_YEAR,START_DATE,ON_OFF_CAMPUS_FLAG,RATE,UPDATE_TIMESTAMP,UPDATE_USER,UNIT_NUMBER,VER_NBR,OBJ_ID,INSTITUTE_RATE_ID)
VALUES('Y',5,2,2,2018,"2018-07-01 00:00:00",'N',14.40,"2017-03-14 14:37:13",'admin','000001',1,UUID(),(SELECT max(id) FROM seq_institute_rates_id));

insert into seq_institute_rates_id values(null);
INSERT INTO institute_rates (ACTIVE_FLAG,RATE_CLASS_CODE,RATE_TYPE_CODE,ACTIVITY_TYPE_CODE,FISCAL_YEAR,START_DATE,ON_OFF_CAMPUS_FLAG,RATE,UPDATE_TIMESTAMP,UPDATE_USER,UNIT_NUMBER,VER_NBR,OBJ_ID,INSTITUTE_RATE_ID)
VALUES('Y',5,2,9,2018,"2018-07-01 00:00:00",'N',14.40,"2017-03-14 14:37:13",'admin','000001',1,UUID(),(SELECT max(id) FROM seq_institute_rates_id));

insert into seq_institute_rates_id values(null);
INSERT INTO institute_rates (ACTIVE_FLAG,RATE_CLASS_CODE,RATE_TYPE_CODE,ACTIVITY_TYPE_CODE,FISCAL_YEAR,START_DATE,ON_OFF_CAMPUS_FLAG,RATE,UPDATE_TIMESTAMP,UPDATE_USER,UNIT_NUMBER,VER_NBR,OBJ_ID,INSTITUTE_RATE_ID)
VALUES('Y',5,2,4,2018,"2018-07-01 00:00:00",'N',14.40,"2017-03-14 14:37:13",'admin','000001',1,UUID(),(SELECT max(id) FROM seq_institute_rates_id));

insert into seq_institute_rates_id values(null);
INSERT INTO institute_rates (ACTIVE_FLAG,RATE_CLASS_CODE,RATE_TYPE_CODE,ACTIVITY_TYPE_CODE,FISCAL_YEAR,START_DATE,ON_OFF_CAMPUS_FLAG,RATE,UPDATE_TIMESTAMP,UPDATE_USER,UNIT_NUMBER,VER_NBR,OBJ_ID,INSTITUTE_RATE_ID)
VALUES('Y',5,2,5,2018,"2018-07-01 00:00:00",'N',14.40,"2017-03-14 14:37:13",'admin','000001',1,UUID(),(SELECT max(id) FROM seq_institute_rates_id));

insert into seq_institute_rates_id values(null);
INSERT INTO institute_rates (ACTIVE_FLAG,RATE_CLASS_CODE,RATE_TYPE_CODE,ACTIVITY_TYPE_CODE,FISCAL_YEAR,START_DATE,ON_OFF_CAMPUS_FLAG,RATE,UPDATE_TIMESTAMP,UPDATE_USER,UNIT_NUMBER,VER_NBR,OBJ_ID,INSTITUTE_RATE_ID)
VALUES('Y',5,2,6,2018,"2018-07-01 00:00:00",'N',14.40,"2017-03-14 14:37:13",'admin','000001',1,UUID(),(SELECT max(id) FROM seq_institute_rates_id));

insert into seq_institute_rates_id values(null);
INSERT INTO institute_rates (ACTIVE_FLAG,RATE_CLASS_CODE,RATE_TYPE_CODE,ACTIVITY_TYPE_CODE,FISCAL_YEAR,START_DATE,ON_OFF_CAMPUS_FLAG,RATE,UPDATE_TIMESTAMP,UPDATE_USER,UNIT_NUMBER,VER_NBR,OBJ_ID,INSTITUTE_RATE_ID)
VALUES('Y',5,2,7,2018,"2018-07-01 00:00:00",'N',14.40,"2017-03-14 14:37:13",'admin','000001',1,UUID(),(SELECT max(id) FROM seq_institute_rates_id));

insert into seq_institute_rates_id values(null);
INSERT INTO institute_rates (ACTIVE_FLAG,RATE_CLASS_CODE,RATE_TYPE_CODE,ACTIVITY_TYPE_CODE,FISCAL_YEAR,START_DATE,ON_OFF_CAMPUS_FLAG,RATE,UPDATE_TIMESTAMP,UPDATE_USER,UNIT_NUMBER,VER_NBR,OBJ_ID,INSTITUTE_RATE_ID)
VALUES('Y',5,1,1,2019,"2019-07-01 00:00:00",'N',32.10,"2017-03-14 14:37:13",'admin','000001',1,UUID(),(SELECT max(id) FROM seq_institute_rates_id));

insert into seq_institute_rates_id values(null);
INSERT INTO institute_rates (ACTIVE_FLAG,RATE_CLASS_CODE,RATE_TYPE_CODE,ACTIVITY_TYPE_CODE,FISCAL_YEAR,START_DATE,ON_OFF_CAMPUS_FLAG,RATE,UPDATE_TIMESTAMP,UPDATE_USER,UNIT_NUMBER,VER_NBR,OBJ_ID,INSTITUTE_RATE_ID)
VALUES('Y',5,1,2,2019,"2019-07-01 00:00:00",'N',32.10,"2017-03-14 14:37:13",'admin','000001',1,UUID(),(SELECT max(id) FROM seq_institute_rates_id));

insert into seq_institute_rates_id values(null);
INSERT INTO institute_rates (ACTIVE_FLAG,RATE_CLASS_CODE,RATE_TYPE_CODE,ACTIVITY_TYPE_CODE,FISCAL_YEAR,START_DATE,ON_OFF_CAMPUS_FLAG,RATE,UPDATE_TIMESTAMP,UPDATE_USER,UNIT_NUMBER,VER_NBR,OBJ_ID,INSTITUTE_RATE_ID)
VALUES('Y',5,1,9,2019,"2019-07-01 00:00:00",'N',32.10,"2017-03-14 14:37:13",'admin','000001',1,UUID(),(SELECT max(id) FROM seq_institute_rates_id));

insert into seq_institute_rates_id values(null);
INSERT INTO institute_rates (ACTIVE_FLAG,RATE_CLASS_CODE,RATE_TYPE_CODE,ACTIVITY_TYPE_CODE,FISCAL_YEAR,START_DATE,ON_OFF_CAMPUS_FLAG,RATE,UPDATE_TIMESTAMP,UPDATE_USER,UNIT_NUMBER,VER_NBR,OBJ_ID,INSTITUTE_RATE_ID)
VALUES('Y',5,1,4,2019,"2019-07-01 00:00:00",'N',32.10,"2017-03-14 14:37:13",'admin','000001',1,UUID(),(SELECT max(id) FROM seq_institute_rates_id));

insert into seq_institute_rates_id values(null);
INSERT INTO institute_rates (ACTIVE_FLAG,RATE_CLASS_CODE,RATE_TYPE_CODE,ACTIVITY_TYPE_CODE,FISCAL_YEAR,START_DATE,ON_OFF_CAMPUS_FLAG,RATE,UPDATE_TIMESTAMP,UPDATE_USER,UNIT_NUMBER,VER_NBR,OBJ_ID,INSTITUTE_RATE_ID)
VALUES('Y',5,1,5,2019,"2019-07-01 00:00:00",'N',32.10,"2017-03-14 14:37:13",'admin','000001',1,UUID(),(SELECT max(id) FROM seq_institute_rates_id));

insert into seq_institute_rates_id values(null);
INSERT INTO institute_rates (ACTIVE_FLAG,RATE_CLASS_CODE,RATE_TYPE_CODE,ACTIVITY_TYPE_CODE,FISCAL_YEAR,START_DATE,ON_OFF_CAMPUS_FLAG,RATE,UPDATE_TIMESTAMP,UPDATE_USER,UNIT_NUMBER,VER_NBR,OBJ_ID,INSTITUTE_RATE_ID)
VALUES('Y',5,1,6,2019,"2019-07-01 00:00:00",'N',32.10,"2017-03-14 14:37:13",'admin','000001',1,UUID(),(SELECT max(id) FROM seq_institute_rates_id));

insert into seq_institute_rates_id values(null);
INSERT INTO institute_rates (ACTIVE_FLAG,RATE_CLASS_CODE,RATE_TYPE_CODE,ACTIVITY_TYPE_CODE,FISCAL_YEAR,START_DATE,ON_OFF_CAMPUS_FLAG,RATE,UPDATE_TIMESTAMP,UPDATE_USER,UNIT_NUMBER,VER_NBR,OBJ_ID,INSTITUTE_RATE_ID)
VALUES('Y',5,1,7,2019,"2019-07-01 00:00:00",'N',32.10,"2017-03-14 14:37:13",'admin','000001',1,UUID(),(SELECT max(id) FROM seq_institute_rates_id));

insert into seq_institute_rates_id values(null);
INSERT INTO institute_rates (ACTIVE_FLAG,RATE_CLASS_CODE,RATE_TYPE_CODE,ACTIVITY_TYPE_CODE,FISCAL_YEAR,START_DATE,ON_OFF_CAMPUS_FLAG,RATE,UPDATE_TIMESTAMP,UPDATE_USER,UNIT_NUMBER,VER_NBR,OBJ_ID,INSTITUTE_RATE_ID)
VALUES('Y',5,6,1,2020,"2020-07-01 00:00:00",'N',19.30,"2017-03-14 14:37:13",'admin','000001',1,UUID(),(SELECT max(id) FROM seq_institute_rates_id));

insert into seq_institute_rates_id values(null);
INSERT INTO institute_rates (ACTIVE_FLAG,RATE_CLASS_CODE,RATE_TYPE_CODE,ACTIVITY_TYPE_CODE,FISCAL_YEAR,START_DATE,ON_OFF_CAMPUS_FLAG,RATE,UPDATE_TIMESTAMP,UPDATE_USER,UNIT_NUMBER,VER_NBR,OBJ_ID,INSTITUTE_RATE_ID)
VALUES('Y',5,6,2,2020,"2020-07-01 00:00:00",'N',19.30,"2017-03-14 14:37:13",'admin','000001',1,UUID(),(SELECT max(id) FROM seq_institute_rates_id));

insert into seq_institute_rates_id values(null);
INSERT INTO institute_rates (ACTIVE_FLAG,RATE_CLASS_CODE,RATE_TYPE_CODE,ACTIVITY_TYPE_CODE,FISCAL_YEAR,START_DATE,ON_OFF_CAMPUS_FLAG,RATE,UPDATE_TIMESTAMP,UPDATE_USER,UNIT_NUMBER,VER_NBR,OBJ_ID,INSTITUTE_RATE_ID)
VALUES('Y',5,6,9,2020,"2020-07-01 00:00:00",'N',19.30,"2017-03-14 14:37:13",'admin','000001',1,UUID(),(SELECT max(id) FROM seq_institute_rates_id));

insert into seq_institute_rates_id values(null);
INSERT INTO institute_rates (ACTIVE_FLAG,RATE_CLASS_CODE,RATE_TYPE_CODE,ACTIVITY_TYPE_CODE,FISCAL_YEAR,START_DATE,ON_OFF_CAMPUS_FLAG,RATE,UPDATE_TIMESTAMP,UPDATE_USER,UNIT_NUMBER,VER_NBR,OBJ_ID,INSTITUTE_RATE_ID)
VALUES('Y',5,6,4,2020,"2020-07-01 00:00:00",'N',19.30,"2017-03-14 14:37:13",'admin','000001',1,UUID(),(SELECT max(id) FROM seq_institute_rates_id));

insert into seq_institute_rates_id values(null);
INSERT INTO institute_rates (ACTIVE_FLAG,RATE_CLASS_CODE,RATE_TYPE_CODE,ACTIVITY_TYPE_CODE,FISCAL_YEAR,START_DATE,ON_OFF_CAMPUS_FLAG,RATE,UPDATE_TIMESTAMP,UPDATE_USER,UNIT_NUMBER,VER_NBR,OBJ_ID,INSTITUTE_RATE_ID)
VALUES('Y',5,6,5,2020,"2020-07-01 00:00:00",'N',19.30,"2017-03-14 14:37:13",'admin','000001',1,UUID(),(SELECT max(id) FROM seq_institute_rates_id));

insert into seq_institute_rates_id values(null);
INSERT INTO institute_rates (ACTIVE_FLAG,RATE_CLASS_CODE,RATE_TYPE_CODE,ACTIVITY_TYPE_CODE,FISCAL_YEAR,START_DATE,ON_OFF_CAMPUS_FLAG,RATE,UPDATE_TIMESTAMP,UPDATE_USER,UNIT_NUMBER,VER_NBR,OBJ_ID,INSTITUTE_RATE_ID)
VALUES('Y',5,6,6,2020,"2020-07-01 00:00:00",'N',19.30,"2017-03-14 14:37:13",'admin','000001',1,UUID(),(SELECT max(id) FROM seq_institute_rates_id));

insert into seq_institute_rates_id values(null);
INSERT INTO institute_rates (ACTIVE_FLAG,RATE_CLASS_CODE,RATE_TYPE_CODE,ACTIVITY_TYPE_CODE,FISCAL_YEAR,START_DATE,ON_OFF_CAMPUS_FLAG,RATE,UPDATE_TIMESTAMP,UPDATE_USER,UNIT_NUMBER,VER_NBR,OBJ_ID,INSTITUTE_RATE_ID)
VALUES('Y',5,4,1,2021,"2021-07-01 00:00:00",'N',11.00,"2017-03-14 14:37:13",'admin','000001',1,UUID(),(SELECT max(id) FROM seq_institute_rates_id));

insert into seq_institute_rates_id values(null);
INSERT INTO institute_rates (ACTIVE_FLAG,RATE_CLASS_CODE,RATE_TYPE_CODE,ACTIVITY_TYPE_CODE,FISCAL_YEAR,START_DATE,ON_OFF_CAMPUS_FLAG,RATE,UPDATE_TIMESTAMP,UPDATE_USER,UNIT_NUMBER,VER_NBR,OBJ_ID,INSTITUTE_RATE_ID)
VALUES('Y',5,4,2,2021,"2021-07-01 00:00:00",'N',11.00,"2017-03-14 14:37:13",'admin','000001',1,UUID(),(SELECT max(id) FROM seq_institute_rates_id));

insert into seq_institute_rates_id values(null);
INSERT INTO institute_rates (ACTIVE_FLAG,RATE_CLASS_CODE,RATE_TYPE_CODE,ACTIVITY_TYPE_CODE,FISCAL_YEAR,START_DATE,ON_OFF_CAMPUS_FLAG,RATE,UPDATE_TIMESTAMP,UPDATE_USER,UNIT_NUMBER,VER_NBR,OBJ_ID,INSTITUTE_RATE_ID)
VALUES('Y',5,4,9,2021,"2021-07-01 00:00:00",'N',11.00,"2017-03-14 14:37:13",'admin','000001',1,UUID(),(SELECT max(id) FROM seq_institute_rates_id));

insert into seq_institute_rates_id values(null);
INSERT INTO institute_rates (ACTIVE_FLAG,RATE_CLASS_CODE,RATE_TYPE_CODE,ACTIVITY_TYPE_CODE,FISCAL_YEAR,START_DATE,ON_OFF_CAMPUS_FLAG,RATE,UPDATE_TIMESTAMP,UPDATE_USER,UNIT_NUMBER,VER_NBR,OBJ_ID,INSTITUTE_RATE_ID)
VALUES('Y',5,4,5,2021,"2021-07-01 00:00:00",'N',11.00,"2017-03-14 14:37:13",'admin','000001',1,UUID(),(SELECT max(id) FROM seq_institute_rates_id));

insert into seq_institute_rates_id values(null);
INSERT INTO institute_rates (ACTIVE_FLAG,RATE_CLASS_CODE,RATE_TYPE_CODE,ACTIVITY_TYPE_CODE,FISCAL_YEAR,START_DATE,ON_OFF_CAMPUS_FLAG,RATE,UPDATE_TIMESTAMP,UPDATE_USER,UNIT_NUMBER,VER_NBR,OBJ_ID,INSTITUTE_RATE_ID)
VALUES('Y',5,4,4,2021,"2021-07-01 00:00:00",'N',11.00,"2017-03-14 14:37:13",'admin','000001',1,UUID(),(SELECT max(id) FROM seq_institute_rates_id));

insert into seq_institute_rates_id values(null);
INSERT INTO institute_rates (ACTIVE_FLAG,RATE_CLASS_CODE,RATE_TYPE_CODE,ACTIVITY_TYPE_CODE,FISCAL_YEAR,START_DATE,ON_OFF_CAMPUS_FLAG,RATE,UPDATE_TIMESTAMP,UPDATE_USER,UNIT_NUMBER,VER_NBR,OBJ_ID,INSTITUTE_RATE_ID)
VALUES('Y',5,4,6,2021,"2021-07-01 00:00:00",'N',11.00,"2017-03-14 14:37:13",'admin','000001',1,UUID(),(SELECT max(id) FROM seq_institute_rates_id));

insert into seq_institute_rates_id values(null);
INSERT INTO institute_rates (ACTIVE_FLAG,RATE_CLASS_CODE,RATE_TYPE_CODE,ACTIVITY_TYPE_CODE,FISCAL_YEAR,START_DATE,ON_OFF_CAMPUS_FLAG,RATE,UPDATE_TIMESTAMP,UPDATE_USER,UNIT_NUMBER,VER_NBR,OBJ_ID,INSTITUTE_RATE_ID)
VALUES('Y',5,3,7,2022,"2022-07-01 00:00:00",'N',19.30,"2017-03-14 14:37:13",'admin','000001',1,UUID(),(SELECT max(id) FROM seq_institute_rates_id));

insert into seq_institute_rates_id values(null);
INSERT INTO institute_rates (ACTIVE_FLAG,RATE_CLASS_CODE,RATE_TYPE_CODE,ACTIVITY_TYPE_CODE,FISCAL_YEAR,START_DATE,ON_OFF_CAMPUS_FLAG,RATE,UPDATE_TIMESTAMP,UPDATE_USER,UNIT_NUMBER,VER_NBR,OBJ_ID,INSTITUTE_RATE_ID)
VALUES('Y',5,4,7,2022,"2022-07-01 00:00:00",'N',11.00,"2017-03-14 14:37:13",'admin','000001',1,UUID(),(SELECT max(id) FROM seq_institute_rates_id));



insert into seq_institute_rates_id values(null);
INSERT INTO institute_rates (ACTIVE_FLAG,RATE_CLASS_CODE,RATE_TYPE_CODE,ACTIVITY_TYPE_CODE,FISCAL_YEAR,START_DATE,ON_OFF_CAMPUS_FLAG,RATE,UPDATE_TIMESTAMP,UPDATE_USER,UNIT_NUMBER,VER_NBR,OBJ_ID,INSTITUTE_RATE_ID)
VALUES('Y',5,1,1,2019,"2019-07-01 00:00:00",'F',32.10,"2017-03-14 14:37:13",'admin','000001',1,UUID(),(SELECT max(id) FROM seq_institute_rates_id));

insert into seq_institute_rates_id values(null);
INSERT INTO institute_rates (ACTIVE_FLAG,RATE_CLASS_CODE,RATE_TYPE_CODE,ACTIVITY_TYPE_CODE,FISCAL_YEAR,START_DATE,ON_OFF_CAMPUS_FLAG,RATE,UPDATE_TIMESTAMP,UPDATE_USER,UNIT_NUMBER,VER_NBR,OBJ_ID,INSTITUTE_RATE_ID)
VALUES('Y',5,1,2,2019,"2019-07-01 00:00:00",'F',32.10,"2017-03-14 14:37:13",'admin','000001',1,UUID(),(SELECT max(id) FROM seq_institute_rates_id));

insert into seq_institute_rates_id values(null);
INSERT INTO institute_rates (ACTIVE_FLAG,RATE_CLASS_CODE,RATE_TYPE_CODE,ACTIVITY_TYPE_CODE,FISCAL_YEAR,START_DATE,ON_OFF_CAMPUS_FLAG,RATE,UPDATE_TIMESTAMP,UPDATE_USER,UNIT_NUMBER,VER_NBR,OBJ_ID,INSTITUTE_RATE_ID)
VALUES('Y',5,1,9,2019,"2019-07-01 00:00:00",'F',32.10,"2017-03-14 14:37:13",'admin','000001',1,UUID(),(SELECT max(id) FROM seq_institute_rates_id));

insert into seq_institute_rates_id values(null);
INSERT INTO institute_rates (ACTIVE_FLAG,RATE_CLASS_CODE,RATE_TYPE_CODE,ACTIVITY_TYPE_CODE,FISCAL_YEAR,START_DATE,ON_OFF_CAMPUS_FLAG,RATE,UPDATE_TIMESTAMP,UPDATE_USER,UNIT_NUMBER,VER_NBR,OBJ_ID,INSTITUTE_RATE_ID)
VALUES('Y',5,1,4,2019,"2019-07-01 00:00:00",'F',32.10,"2017-03-14 14:37:19",'admin','000001',1,UUID(),(SELECT max(id) FROM seq_institute_rates_id));

insert into seq_institute_rates_id values(null);
INSERT INTO institute_rates (ACTIVE_FLAG,RATE_CLASS_CODE,RATE_TYPE_CODE,ACTIVITY_TYPE_CODE,FISCAL_YEAR,START_DATE,ON_OFF_CAMPUS_FLAG,RATE,UPDATE_TIMESTAMP,UPDATE_USER,UNIT_NUMBER,VER_NBR,OBJ_ID,INSTITUTE_RATE_ID)
VALUES('Y',5,1,6,2019,"2019-07-01 00:00:00",'F',32.10,"2017-03-14 14:37:19",'admin','000001',1,UUID(),(SELECT max(id) FROM seq_institute_rates_id));

insert into seq_institute_rates_id values(null);
INSERT INTO institute_rates (ACTIVE_FLAG,RATE_CLASS_CODE,RATE_TYPE_CODE,ACTIVITY_TYPE_CODE,FISCAL_YEAR,START_DATE,ON_OFF_CAMPUS_FLAG,RATE,UPDATE_TIMESTAMP,UPDATE_USER,UNIT_NUMBER,VER_NBR,OBJ_ID,INSTITUTE_RATE_ID)
VALUES('Y',5,1,5,2019,"2019-07-01 00:00:00",'F',32.10,"2017-03-14 14:37:19",'admin','000001',1,UUID(),(SELECT max(id) FROM seq_institute_rates_id));

insert into seq_institute_rates_id values(null);
INSERT INTO institute_rates (ACTIVE_FLAG,RATE_CLASS_CODE,RATE_TYPE_CODE,ACTIVITY_TYPE_CODE,FISCAL_YEAR,START_DATE,ON_OFF_CAMPUS_FLAG,RATE,UPDATE_TIMESTAMP,UPDATE_USER,UNIT_NUMBER,VER_NBR,OBJ_ID,INSTITUTE_RATE_ID)
VALUES('Y',5,1,7,2019,"2019-07-01 00:00:00",'F',32.10,"2017-03-14 14:37:19",'admin','000001',1,UUID(),(SELECT max(id) FROM seq_institute_rates_id));

insert into seq_institute_rates_id values(null);
INSERT INTO institute_rates (ACTIVE_FLAG,RATE_CLASS_CODE,RATE_TYPE_CODE,ACTIVITY_TYPE_CODE,FISCAL_YEAR,START_DATE,ON_OFF_CAMPUS_FLAG,RATE,UPDATE_TIMESTAMP,UPDATE_USER,UNIT_NUMBER,VER_NBR,OBJ_ID,INSTITUTE_RATE_ID)
VALUES('Y',5,2,1,2018,"2018-07-01 00:00:00",'F',14.40,"2017-03-14 14:37:19",'admin','000001',1,UUID(),(SELECT max(id) FROM seq_institute_rates_id));

insert into seq_institute_rates_id values(null);
INSERT INTO institute_rates (ACTIVE_FLAG,RATE_CLASS_CODE,RATE_TYPE_CODE,ACTIVITY_TYPE_CODE,FISCAL_YEAR,START_DATE,ON_OFF_CAMPUS_FLAG,RATE,UPDATE_TIMESTAMP,UPDATE_USER,UNIT_NUMBER,VER_NBR,OBJ_ID,INSTITUTE_RATE_ID)
VALUES('Y',5,2,2,2018,"2018-07-01 00:00:00",'F',14.40,"2017-03-14 14:37:19",'admin','000001',1,UUID(),(SELECT max(id) FROM seq_institute_rates_id));

insert into seq_institute_rates_id values(null);
INSERT INTO institute_rates (ACTIVE_FLAG,RATE_CLASS_CODE,RATE_TYPE_CODE,ACTIVITY_TYPE_CODE,FISCAL_YEAR,START_DATE,ON_OFF_CAMPUS_FLAG,RATE,UPDATE_TIMESTAMP,UPDATE_USER,UNIT_NUMBER,VER_NBR,OBJ_ID,INSTITUTE_RATE_ID)
VALUES('Y',5,2,9,2018,"2018-07-01 00:00:00",'F',14.40,"2017-03-14 14:37:19",'admin','000001',1,UUID(),(SELECT max(id) FROM seq_institute_rates_id));

insert into seq_institute_rates_id values(null);
INSERT INTO institute_rates (ACTIVE_FLAG,RATE_CLASS_CODE,RATE_TYPE_CODE,ACTIVITY_TYPE_CODE,FISCAL_YEAR,START_DATE,ON_OFF_CAMPUS_FLAG,RATE,UPDATE_TIMESTAMP,UPDATE_USER,UNIT_NUMBER,VER_NBR,OBJ_ID,INSTITUTE_RATE_ID)
VALUES('Y',5,2,4,2018,"2018-07-01 00:00:00",'F',14.40,"2017-03-14 14:37:19",'admin','000001',1,UUID(),(SELECT max(id) FROM seq_institute_rates_id));

insert into seq_institute_rates_id values(null);
INSERT INTO institute_rates (ACTIVE_FLAG,RATE_CLASS_CODE,RATE_TYPE_CODE,ACTIVITY_TYPE_CODE,FISCAL_YEAR,START_DATE,ON_OFF_CAMPUS_FLAG,RATE,UPDATE_TIMESTAMP,UPDATE_USER,UNIT_NUMBER,VER_NBR,OBJ_ID,INSTITUTE_RATE_ID)
VALUES('Y',5,2,5,2018,"2016-07-01 00:00:00",'F',14.40,"2017-03-14 14:37:19",'admin','000001',1,UUID(),(SELECT max(id) FROM seq_institute_rates_id));

insert into seq_institute_rates_id values(null);
INSERT INTO institute_rates (ACTIVE_FLAG,RATE_CLASS_CODE,RATE_TYPE_CODE,ACTIVITY_TYPE_CODE,FISCAL_YEAR,START_DATE,ON_OFF_CAMPUS_FLAG,RATE,UPDATE_TIMESTAMP,UPDATE_USER,UNIT_NUMBER,VER_NBR,OBJ_ID,INSTITUTE_RATE_ID)
VALUES('Y',5,2,6,2018,"2018-07-01 00:00:00",'F',14.40,"2017-03-14 14:37:19",'admin','000001',1,UUID(),(SELECT max(id) FROM seq_institute_rates_id));

insert into seq_institute_rates_id values(null);
INSERT INTO institute_rates (ACTIVE_FLAG,RATE_CLASS_CODE,RATE_TYPE_CODE,ACTIVITY_TYPE_CODE,FISCAL_YEAR,START_DATE,ON_OFF_CAMPUS_FLAG,RATE,UPDATE_TIMESTAMP,UPDATE_USER,UNIT_NUMBER,VER_NBR,OBJ_ID,INSTITUTE_RATE_ID)
VALUES('Y',5,2,7,2018,"2018-01-02 00:00:00",'F',14.40,"2017-05-18 13:56:46",'kr','000001',0,UUID(),(SELECT max(id) FROM seq_institute_rates_id));

insert into seq_institute_rates_id values(null);
INSERT INTO institute_rates (ACTIVE_FLAG,RATE_CLASS_CODE,RATE_TYPE_CODE,ACTIVITY_TYPE_CODE,FISCAL_YEAR,START_DATE,ON_OFF_CAMPUS_FLAG,RATE,UPDATE_TIMESTAMP,UPDATE_USER,UNIT_NUMBER,VER_NBR,OBJ_ID,INSTITUTE_RATE_ID)
VALUES('Y',5,5,1,2019,"2019-07-01 00:00:00",'N',34.00,"2017-05-30 14:18:20",'kr','000001',0,UUID(),(SELECT max(id) FROM seq_institute_rates_id));

insert into seq_institute_rates_id values(null);
INSERT INTO institute_rates (ACTIVE_FLAG,RATE_CLASS_CODE,RATE_TYPE_CODE,ACTIVITY_TYPE_CODE,FISCAL_YEAR,START_DATE,ON_OFF_CAMPUS_FLAG,RATE,UPDATE_TIMESTAMP,UPDATE_USER,UNIT_NUMBER,VER_NBR,OBJ_ID,INSTITUTE_RATE_ID)
VALUES('Y',5,5,1,2019,"2019-07-01 00:00:00",'F',34.00,"2017-05-30 14:19:17",'kr','000001',0,UUID(),(SELECT max(id) FROM seq_institute_rates_id));

insert into seq_institute_rates_id values(null);
INSERT INTO institute_rates (ACTIVE_FLAG,RATE_CLASS_CODE,RATE_TYPE_CODE,ACTIVITY_TYPE_CODE,FISCAL_YEAR,START_DATE,ON_OFF_CAMPUS_FLAG,RATE,UPDATE_TIMESTAMP,UPDATE_USER,UNIT_NUMBER,VER_NBR,OBJ_ID,INSTITUTE_RATE_ID)
VALUES('Y',5,5,2,2019,"2019-07-01 00:00:00",'N',34.00,"2017-05-30 14:19:48",'kr','000001',0,UUID(),(SELECT max(id) FROM seq_institute_rates_id));

insert into seq_institute_rates_id values(null);
INSERT INTO institute_rates (ACTIVE_FLAG,RATE_CLASS_CODE,RATE_TYPE_CODE,ACTIVITY_TYPE_CODE,FISCAL_YEAR,START_DATE,ON_OFF_CAMPUS_FLAG,RATE,UPDATE_TIMESTAMP,UPDATE_USER,UNIT_NUMBER,VER_NBR,OBJ_ID,INSTITUTE_RATE_ID)
VALUES('Y',5,5,2,2019,"2019-07-01 00:00:00",'F',34.00,"2017-05-30 14:20:13",'kr','000001',0,UUID(),(SELECT max(id) FROM seq_institute_rates_id));

insert into seq_institute_rates_id values(null);
INSERT INTO institute_rates (ACTIVE_FLAG,RATE_CLASS_CODE,RATE_TYPE_CODE,ACTIVITY_TYPE_CODE,FISCAL_YEAR,START_DATE,ON_OFF_CAMPUS_FLAG,RATE,UPDATE_TIMESTAMP,UPDATE_USER,UNIT_NUMBER,VER_NBR,OBJ_ID,INSTITUTE_RATE_ID)
VALUES('Y',5,5,4,2019,"2019-07-01 00:00:00",'N',34.00,"2017-05-30 14:21:06",'kr','000001',0,UUID(),(SELECT max(id) FROM seq_institute_rates_id));

insert into seq_institute_rates_id values(null);
INSERT INTO institute_rates (ACTIVE_FLAG,RATE_CLASS_CODE,RATE_TYPE_CODE,ACTIVITY_TYPE_CODE,FISCAL_YEAR,START_DATE,ON_OFF_CAMPUS_FLAG,RATE,UPDATE_TIMESTAMP,UPDATE_USER,UNIT_NUMBER,VER_NBR,OBJ_ID,INSTITUTE_RATE_ID)
VALUES('Y',5,5,4,2019,"2019-07-01 00:00:00",'F',34.00,"2017-05-30 14:21:30",'kr','000001',0,UUID(),(SELECT max(id) FROM seq_institute_rates_id));

insert into seq_institute_rates_id values(null);
INSERT INTO institute_rates (ACTIVE_FLAG,RATE_CLASS_CODE,RATE_TYPE_CODE,ACTIVITY_TYPE_CODE,FISCAL_YEAR,START_DATE,ON_OFF_CAMPUS_FLAG,RATE,UPDATE_TIMESTAMP,UPDATE_USER,UNIT_NUMBER,VER_NBR,OBJ_ID,INSTITUTE_RATE_ID)
VALUES('Y',5,5,5,2019,"2019-07-01 00:00:00",'N',34.00,"2017-05-30 14:21:58",'kr','000001',0,UUID(),(SELECT max(id) FROM seq_institute_rates_id));

insert into seq_institute_rates_id values(null);
INSERT INTO institute_rates (ACTIVE_FLAG,RATE_CLASS_CODE,RATE_TYPE_CODE,ACTIVITY_TYPE_CODE,FISCAL_YEAR,START_DATE,ON_OFF_CAMPUS_FLAG,RATE,UPDATE_TIMESTAMP,UPDATE_USER,UNIT_NUMBER,VER_NBR,OBJ_ID,INSTITUTE_RATE_ID)
VALUES('Y',5,5,5,2019,"2019-07-01 00:00:00",'F',34.00,"2017-05-30 14:22:20",'kr','000001',0,UUID(),(SELECT max(id) FROM seq_institute_rates_id));

insert into seq_institute_rates_id values(null);
INSERT INTO institute_rates (ACTIVE_FLAG,RATE_CLASS_CODE,RATE_TYPE_CODE,ACTIVITY_TYPE_CODE,FISCAL_YEAR,START_DATE,ON_OFF_CAMPUS_FLAG,RATE,UPDATE_TIMESTAMP,UPDATE_USER,UNIT_NUMBER,VER_NBR,OBJ_ID,INSTITUTE_RATE_ID)
VALUES('Y',5,5,6,2019,"2019-07-01 00:00:00",'N',34.00,"2017-05-30 14:22:51",'kr','000001',0,UUID(),(SELECT max(id) FROM seq_institute_rates_id));

insert into seq_institute_rates_id values(null);
INSERT INTO institute_rates (ACTIVE_FLAG,RATE_CLASS_CODE,RATE_TYPE_CODE,ACTIVITY_TYPE_CODE,FISCAL_YEAR,START_DATE,ON_OFF_CAMPUS_FLAG,RATE,UPDATE_TIMESTAMP,UPDATE_USER,UNIT_NUMBER,VER_NBR,OBJ_ID,INSTITUTE_RATE_ID)
VALUES('Y',5,5,6,2019,"2019-07-01 00:00:00",'F',34.00,"2017-05-30 14:23:46",'kr','000001',0,UUID(),(SELECT max(id) FROM seq_institute_rates_id));

insert into seq_institute_rates_id values(null);
INSERT INTO institute_rates (ACTIVE_FLAG,RATE_CLASS_CODE,RATE_TYPE_CODE,ACTIVITY_TYPE_CODE,FISCAL_YEAR,START_DATE,ON_OFF_CAMPUS_FLAG,RATE,UPDATE_TIMESTAMP,UPDATE_USER,UNIT_NUMBER,VER_NBR,OBJ_ID,INSTITUTE_RATE_ID)
VALUES('Y',5,5,7,2019,"2019-07-01 00:00:00",'N',34.00,"2017-05-30 14:24:18",'kr','000001',0,UUID(),(SELECT max(id) FROM seq_institute_rates_id));

insert into seq_institute_rates_id values(null);
INSERT INTO institute_rates (ACTIVE_FLAG,RATE_CLASS_CODE,RATE_TYPE_CODE,ACTIVITY_TYPE_CODE,FISCAL_YEAR,START_DATE,ON_OFF_CAMPUS_FLAG,RATE,UPDATE_TIMESTAMP,UPDATE_USER,UNIT_NUMBER,VER_NBR,OBJ_ID,INSTITUTE_RATE_ID)
VALUES('Y',5,5,7,2019,"2019-07-01 00:00:00",'F',34.00,"2017-05-30 14:24:54",'kr','000001',0,UUID(),(SELECT max(id) FROM seq_institute_rates_id));

insert into seq_institute_rates_id values(null);
INSERT INTO institute_rates (ACTIVE_FLAG,RATE_CLASS_CODE,RATE_TYPE_CODE,ACTIVITY_TYPE_CODE,FISCAL_YEAR,START_DATE,ON_OFF_CAMPUS_FLAG,RATE,UPDATE_TIMESTAMP,UPDATE_USER,UNIT_NUMBER,VER_NBR,OBJ_ID,INSTITUTE_RATE_ID)
VALUES('Y',5,5,9,2019,"2019-07-01 00:00:00",'N',34.00,"2017-05-30 14:26:28",'kr','000001',0,UUID(),(SELECT max(id) FROM seq_institute_rates_id));

insert into seq_institute_rates_id values(null);
INSERT INTO institute_rates (ACTIVE_FLAG,RATE_CLASS_CODE,RATE_TYPE_CODE,ACTIVITY_TYPE_CODE,FISCAL_YEAR,START_DATE,ON_OFF_CAMPUS_FLAG,RATE,UPDATE_TIMESTAMP,UPDATE_USER,UNIT_NUMBER,VER_NBR,OBJ_ID,INSTITUTE_RATE_ID)
VALUES('Y',5,3,1,2019,"2019-07-01 00:00:00",'F',19.30,"2017-05-30 14:52:11",'kr','000001',0,UUID(),(SELECT max(id) FROM seq_institute_rates_id));

insert into seq_institute_rates_id values(null);
INSERT INTO institute_rates (ACTIVE_FLAG,RATE_CLASS_CODE,RATE_TYPE_CODE,ACTIVITY_TYPE_CODE,FISCAL_YEAR,START_DATE,ON_OFF_CAMPUS_FLAG,RATE,UPDATE_TIMESTAMP,UPDATE_USER,UNIT_NUMBER,VER_NBR,OBJ_ID,INSTITUTE_RATE_ID)
VALUES('Y',5,3,2,2019,"2019-07-01 00:00:00",'F',19.30,"2017-05-30 14:52:42",'kr','000001',0,UUID(),(SELECT max(id) FROM seq_institute_rates_id));

insert into seq_institute_rates_id values(null);
INSERT INTO institute_rates (ACTIVE_FLAG,RATE_CLASS_CODE,RATE_TYPE_CODE,ACTIVITY_TYPE_CODE,FISCAL_YEAR,START_DATE,ON_OFF_CAMPUS_FLAG,RATE,UPDATE_TIMESTAMP,UPDATE_USER,UNIT_NUMBER,VER_NBR,OBJ_ID,INSTITUTE_RATE_ID)
VALUES('Y',5,3,9,2019,"2019-07-01 00:00:00",'F',19.30,"2017-05-30 14:53:05",'kr','000001',0,UUID(),(SELECT max(id) FROM seq_institute_rates_id));

insert into seq_institute_rates_id values(null);
INSERT INTO institute_rates (ACTIVE_FLAG,RATE_CLASS_CODE,RATE_TYPE_CODE,ACTIVITY_TYPE_CODE,FISCAL_YEAR,START_DATE,ON_OFF_CAMPUS_FLAG,RATE,UPDATE_TIMESTAMP,UPDATE_USER,UNIT_NUMBER,VER_NBR,OBJ_ID,INSTITUTE_RATE_ID)
VALUES('Y',5,3,4,2019,"2019-07-01 00:00:00",'F',19.30,"2017-05-30 14:53:32",'kr','000001',0,UUID(),(SELECT max(id) FROM seq_institute_rates_id));

insert into seq_institute_rates_id values(null);
INSERT INTO institute_rates (ACTIVE_FLAG,RATE_CLASS_CODE,RATE_TYPE_CODE,ACTIVITY_TYPE_CODE,FISCAL_YEAR,START_DATE,ON_OFF_CAMPUS_FLAG,RATE,UPDATE_TIMESTAMP,UPDATE_USER,UNIT_NUMBER,VER_NBR,OBJ_ID,INSTITUTE_RATE_ID)
VALUES('Y',5,3,5,2019,"2019-07-01 00:00:00",'F',19.30,"2017-05-30 14:54:04",'kr','000001',0,UUID(),(SELECT max(id) FROM seq_institute_rates_id));

insert into seq_institute_rates_id values(null);
INSERT INTO institute_rates (ACTIVE_FLAG,RATE_CLASS_CODE,RATE_TYPE_CODE,ACTIVITY_TYPE_CODE,FISCAL_YEAR,START_DATE,ON_OFF_CAMPUS_FLAG,RATE,UPDATE_TIMESTAMP,UPDATE_USER,UNIT_NUMBER,VER_NBR,OBJ_ID,INSTITUTE_RATE_ID)
VALUES('Y',5,3,6,2019,"2019-07-01 00:00:00",'F',19.30,"2017-05-30 14:54:41",'kr','000001',0,UUID(),(SELECT max(id) FROM seq_institute_rates_id));

insert into seq_institute_rates_id values(null);
INSERT INTO institute_rates (ACTIVE_FLAG,RATE_CLASS_CODE,RATE_TYPE_CODE,ACTIVITY_TYPE_CODE,FISCAL_YEAR,START_DATE,ON_OFF_CAMPUS_FLAG,RATE,UPDATE_TIMESTAMP,UPDATE_USER,UNIT_NUMBER,VER_NBR,OBJ_ID,INSTITUTE_RATE_ID)
VALUES('Y',5,3,7,2019,"2019-07-01 00:00:00",'F',19.30,"2017-05-30 14:55:17",'kr','000001',0,UUID(),(SELECT max(id) FROM seq_institute_rates_id));

insert into seq_institute_rates_id values(null);
INSERT INTO institute_rates (ACTIVE_FLAG,RATE_CLASS_CODE,RATE_TYPE_CODE,ACTIVITY_TYPE_CODE,FISCAL_YEAR,START_DATE,ON_OFF_CAMPUS_FLAG,RATE,UPDATE_TIMESTAMP,UPDATE_USER,UNIT_NUMBER,VER_NBR,OBJ_ID,INSTITUTE_RATE_ID)
VALUES('Y',5,4,1,2021,"2021-07-01 00:00:00",'F',11.00,"2017-05-30 14:55:45",'kr','000001',0,UUID(),(SELECT max(id) FROM seq_institute_rates_id));

insert into seq_institute_rates_id values(null);
INSERT INTO institute_rates (ACTIVE_FLAG,RATE_CLASS_CODE,RATE_TYPE_CODE,ACTIVITY_TYPE_CODE,FISCAL_YEAR,START_DATE,ON_OFF_CAMPUS_FLAG,RATE,UPDATE_TIMESTAMP,UPDATE_USER,UNIT_NUMBER,VER_NBR,OBJ_ID,INSTITUTE_RATE_ID)
VALUES('Y',5,4,2,2021,"2021-07-01 00:00:00",'F',11.00,"2017-05-30 14:56:12",'kr','000001',0,UUID(),(SELECT max(id) FROM seq_institute_rates_id));

insert into seq_institute_rates_id values(null);
INSERT INTO institute_rates (ACTIVE_FLAG,RATE_CLASS_CODE,RATE_TYPE_CODE,ACTIVITY_TYPE_CODE,FISCAL_YEAR,START_DATE,ON_OFF_CAMPUS_FLAG,RATE,UPDATE_TIMESTAMP,UPDATE_USER,UNIT_NUMBER,VER_NBR,OBJ_ID,INSTITUTE_RATE_ID)
VALUES('Y',5,4,9,2021,"2021-07-01 00:00:00",'F',11.00,"2017-05-30 14:56:32",'kr','000001',0,UUID(),(SELECT max(id) FROM seq_institute_rates_id));

insert into seq_institute_rates_id values(null);
INSERT INTO institute_rates (ACTIVE_FLAG,RATE_CLASS_CODE,RATE_TYPE_CODE,ACTIVITY_TYPE_CODE,FISCAL_YEAR,START_DATE,ON_OFF_CAMPUS_FLAG,RATE,UPDATE_TIMESTAMP,UPDATE_USER,UNIT_NUMBER,VER_NBR,OBJ_ID,INSTITUTE_RATE_ID)
VALUES('Y',5,4,5,2021,"2021-07-01 00:00:00",'F',11.00,"2017-05-30 14:56:59",'kr','000001',0,UUID(),(SELECT max(id) FROM seq_institute_rates_id));

insert into seq_institute_rates_id values(null);
INSERT INTO institute_rates (ACTIVE_FLAG,RATE_CLASS_CODE,RATE_TYPE_CODE,ACTIVITY_TYPE_CODE,FISCAL_YEAR,START_DATE,ON_OFF_CAMPUS_FLAG,RATE,UPDATE_TIMESTAMP,UPDATE_USER,UNIT_NUMBER,VER_NBR,OBJ_ID,INSTITUTE_RATE_ID)
VALUES('Y',5,4,4,2021,"2021-07-01 00:00:00",'F',11.00,"2017-05-30 14:57:23",'kr','000001',0,UUID(),(SELECT max(id) FROM seq_institute_rates_id));

insert into seq_institute_rates_id values(null);
INSERT INTO institute_rates (ACTIVE_FLAG,RATE_CLASS_CODE,RATE_TYPE_CODE,ACTIVITY_TYPE_CODE,FISCAL_YEAR,START_DATE,ON_OFF_CAMPUS_FLAG,RATE,UPDATE_TIMESTAMP,UPDATE_USER,UNIT_NUMBER,VER_NBR,OBJ_ID,INSTITUTE_RATE_ID)
VALUES('Y',5,4,6,2021,"2021-07-01 00:00:00",'F',11.00,"2017-05-30 14:57:49",'kr','000001',0,UUID(),(SELECT max(id) FROM seq_institute_rates_id));

insert into seq_institute_rates_id values(null);
INSERT INTO institute_rates (ACTIVE_FLAG,RATE_CLASS_CODE,RATE_TYPE_CODE,ACTIVITY_TYPE_CODE,FISCAL_YEAR,START_DATE,ON_OFF_CAMPUS_FLAG,RATE,UPDATE_TIMESTAMP,UPDATE_USER,UNIT_NUMBER,VER_NBR,OBJ_ID,INSTITUTE_RATE_ID)
VALUES('Y',5,4,7,2021,"2021-07-01 00:00:00",'F',11.00,"2017-05-30 14:58:16",'kr','000001',0,UUID(),(SELECT max(id) FROM seq_institute_rates_id));

insert into seq_institute_rates_id values(null);
INSERT INTO institute_rates (ACTIVE_FLAG,RATE_CLASS_CODE,RATE_TYPE_CODE,ACTIVITY_TYPE_CODE,FISCAL_YEAR,START_DATE,ON_OFF_CAMPUS_FLAG,RATE,UPDATE_TIMESTAMP,UPDATE_USER,UNIT_NUMBER,VER_NBR,OBJ_ID,INSTITUTE_RATE_ID)
VALUES('Y',5,5,9,2022,"2022-07-01 00:00:00",'F',34.00,"2017-05-30 15:00:59",'kr','000001',0,UUID(),(SELECT max(id) FROM seq_institute_rates_id));

insert into seq_institute_rates_id values(null);
INSERT INTO institute_rates (ACTIVE_FLAG,RATE_CLASS_CODE,RATE_TYPE_CODE,ACTIVITY_TYPE_CODE,FISCAL_YEAR,START_DATE,ON_OFF_CAMPUS_FLAG,RATE,UPDATE_TIMESTAMP,UPDATE_USER,UNIT_NUMBER,VER_NBR,OBJ_ID,INSTITUTE_RATE_ID)
VALUES('Y',5,1,1,2022,"2022-01-01 00:00:00",'N',3.00,"2017-06-02 10:19:45",'kr','000001',1,UUID(),(SELECT max(id) FROM seq_institute_rates_id));



insert into seq_institute_rates_id values(null);
INSERT INTO institute_rates (ACTIVE_FLAG,RATE_CLASS_CODE,RATE_TYPE_CODE,ACTIVITY_TYPE_CODE,FISCAL_YEAR,START_DATE,ON_OFF_CAMPUS_FLAG,RATE,UPDATE_TIMESTAMP,UPDATE_USER,UNIT_NUMBER,VER_NBR,OBJ_ID,INSTITUTE_RATE_ID)
values('Y',1,1,1,2018,"2018-07-01 00:00:00",'N',61.60,"2017-03-14 14:37:13",'admin','000001',1,UUID(),(SELECT max(id) FROM seq_institute_rates_id));

insert into seq_institute_rates_id values(null);
INSERT INTO institute_rates (ACTIVE_FLAG,RATE_CLASS_CODE,RATE_TYPE_CODE,ACTIVITY_TYPE_CODE,FISCAL_YEAR,START_DATE,ON_OFF_CAMPUS_FLAG,RATE,UPDATE_TIMESTAMP,UPDATE_USER,UNIT_NUMBER,VER_NBR,OBJ_ID,INSTITUTE_RATE_ID)
values('Y',1,1,2,2018,"2018-07-01 00:00:00",'N',61.60,"2017-03-14 14:37:13",'admin','000001',1,UUID(),(SELECT max(id) FROM seq_institute_rates_id));

insert into seq_institute_rates_id values(null);
INSERT INTO institute_rates (ACTIVE_FLAG,RATE_CLASS_CODE,RATE_TYPE_CODE,ACTIVITY_TYPE_CODE,FISCAL_YEAR,START_DATE,ON_OFF_CAMPUS_FLAG,RATE,UPDATE_TIMESTAMP,UPDATE_USER,UNIT_NUMBER,VER_NBR,OBJ_ID,INSTITUTE_RATE_ID)
values('Y',1,1,9,2018,"2018-07-01 00:00:00",'N',61.60,"2017-03-14 14:37:19",'admin','000001',1,UUID(),(SELECT max(id) FROM seq_institute_rates_id));

insert into seq_institute_rates_id values(null);
INSERT INTO institute_rates (ACTIVE_FLAG,RATE_CLASS_CODE,RATE_TYPE_CODE,ACTIVITY_TYPE_CODE,FISCAL_YEAR,START_DATE,ON_OFF_CAMPUS_FLAG,RATE,UPDATE_TIMESTAMP,UPDATE_USER,UNIT_NUMBER,VER_NBR,OBJ_ID,INSTITUTE_RATE_ID)
values('Y',1,1,4,2018,"2018-07-01 00:00:00",'N',61.60,"2017-03-14 14:37:19",'admin','000001',1,UUID(),(SELECT max(id) FROM seq_institute_rates_id));

insert into seq_institute_rates_id values(null);
INSERT INTO institute_rates (ACTIVE_FLAG,RATE_CLASS_CODE,RATE_TYPE_CODE,ACTIVITY_TYPE_CODE,FISCAL_YEAR,START_DATE,ON_OFF_CAMPUS_FLAG,RATE,UPDATE_TIMESTAMP,UPDATE_USER,UNIT_NUMBER,VER_NBR,OBJ_ID,INSTITUTE_RATE_ID)
values('Y',1,1,5,2018,"2018-07-01 00:00:00",'N',61.60,"2017-03-14 14:37:19",'admin','000001',1,UUID(),(SELECT max(id) FROM seq_institute_rates_id));

insert into seq_institute_rates_id values(null);
INSERT INTO institute_rates (ACTIVE_FLAG,RATE_CLASS_CODE,RATE_TYPE_CODE,ACTIVITY_TYPE_CODE,FISCAL_YEAR,START_DATE,ON_OFF_CAMPUS_FLAG,RATE,UPDATE_TIMESTAMP,UPDATE_USER,UNIT_NUMBER,VER_NBR,OBJ_ID,INSTITUTE_RATE_ID)
values('Y',1,1,6,2018,"2018-07-01 00:00:00",'N',61.60,"2017-03-14 14:37:19",'admin','000001',1,UUID(),(SELECT max(id) FROM seq_institute_rates_id));

insert into seq_institute_rates_id values(null);
INSERT INTO institute_rates (ACTIVE_FLAG,RATE_CLASS_CODE,RATE_TYPE_CODE,ACTIVITY_TYPE_CODE,FISCAL_YEAR,START_DATE,ON_OFF_CAMPUS_FLAG,RATE,UPDATE_TIMESTAMP,UPDATE_USER,UNIT_NUMBER,VER_NBR,OBJ_ID,INSTITUTE_RATE_ID)
values('Y',1,1,7,2018,"2018-07-01 00:00:00",'N',61.60,"2017-03-14 14:37:19",'admin','000001',1,UUID(),(SELECT max(id) FROM seq_institute_rates_id));

insert into seq_institute_rates_id values(null);
INSERT INTO institute_rates (ACTIVE_FLAG,RATE_CLASS_CODE,RATE_TYPE_CODE,ACTIVITY_TYPE_CODE,FISCAL_YEAR,START_DATE,ON_OFF_CAMPUS_FLAG,RATE,UPDATE_TIMESTAMP,UPDATE_USER,UNIT_NUMBER,VER_NBR,OBJ_ID,INSTITUTE_RATE_ID)
values('Y',1,1,1,2018,"2018-07-01 00:00:00",'F',61.60,"2017-03-14 14:37:19",'admin','000001',1,UUID(),(SELECT max(id) FROM seq_institute_rates_id));

insert into seq_institute_rates_id values(null);
INSERT INTO institute_rates (ACTIVE_FLAG,RATE_CLASS_CODE,RATE_TYPE_CODE,ACTIVITY_TYPE_CODE,FISCAL_YEAR,START_DATE,ON_OFF_CAMPUS_FLAG,RATE,UPDATE_TIMESTAMP,UPDATE_USER,UNIT_NUMBER,VER_NBR,OBJ_ID,INSTITUTE_RATE_ID)
values('Y',1,1,2,2018,"2018-07-01 00:00:00",'F',61.60,"2017-03-14 14:37:19",'admin','000001',1,UUID(),(SELECT max(id) FROM seq_institute_rates_id));

insert into seq_institute_rates_id values(null);
INSERT INTO institute_rates (ACTIVE_FLAG,RATE_CLASS_CODE,RATE_TYPE_CODE,ACTIVITY_TYPE_CODE,FISCAL_YEAR,START_DATE,ON_OFF_CAMPUS_FLAG,RATE,UPDATE_TIMESTAMP,UPDATE_USER,UNIT_NUMBER,VER_NBR,OBJ_ID,INSTITUTE_RATE_ID)
values('Y',1,1,9,2018,"2018-07-01 00:00:00",'F',61.60,"2017-03-14 14:37:19",'admin','000001',1,UUID(),(SELECT max(id) FROM seq_institute_rates_id));

insert into seq_institute_rates_id values(null);
INSERT INTO institute_rates (ACTIVE_FLAG,RATE_CLASS_CODE,RATE_TYPE_CODE,ACTIVITY_TYPE_CODE,FISCAL_YEAR,START_DATE,ON_OFF_CAMPUS_FLAG,RATE,UPDATE_TIMESTAMP,UPDATE_USER,UNIT_NUMBER,VER_NBR,OBJ_ID,INSTITUTE_RATE_ID)
values('Y',1,1,4,2018,"2018-07-01 00:00:00",'F',61.60,"2017-03-14 14:37:19",'admin','000001',1,UUID(),(SELECT max(id) FROM seq_institute_rates_id));

insert into seq_institute_rates_id values(null);
INSERT INTO institute_rates (ACTIVE_FLAG,RATE_CLASS_CODE,RATE_TYPE_CODE,ACTIVITY_TYPE_CODE,FISCAL_YEAR,START_DATE,ON_OFF_CAMPUS_FLAG,RATE,UPDATE_TIMESTAMP,UPDATE_USER,UNIT_NUMBER,VER_NBR,OBJ_ID,INSTITUTE_RATE_ID)
values('Y',1,1,5,2018,"2018-07-01 00:00:00",'F',61.60,"2017-03-14 14:37:13",'admin','000001',1,UUID(),(SELECT max(id) FROM seq_institute_rates_id));

insert into seq_institute_rates_id values(null);
INSERT INTO institute_rates (ACTIVE_FLAG,RATE_CLASS_CODE,RATE_TYPE_CODE,ACTIVITY_TYPE_CODE,FISCAL_YEAR,START_DATE,ON_OFF_CAMPUS_FLAG,RATE,UPDATE_TIMESTAMP,UPDATE_USER,UNIT_NUMBER,VER_NBR,OBJ_ID,INSTITUTE_RATE_ID)
values('Y',1,1,6,2018,"2018-07-01 00:00:00",'F',61.60,"2017-03-14 14:37:13",'admin','000001',1,UUID(),(SELECT max(id) FROM seq_institute_rates_id));

insert into seq_institute_rates_id values(null);
INSERT INTO institute_rates (ACTIVE_FLAG,RATE_CLASS_CODE,RATE_TYPE_CODE,ACTIVITY_TYPE_CODE,FISCAL_YEAR,START_DATE,ON_OFF_CAMPUS_FLAG,RATE,UPDATE_TIMESTAMP,UPDATE_USER,UNIT_NUMBER,VER_NBR,OBJ_ID,INSTITUTE_RATE_ID)
values('Y',1,1,7,2018,"2018-07-01 00:00:00",'F',61.60,"2017-03-14 14:37:13",'admin','000001',1,UUID(),(SELECT max(id) FROM seq_institute_rates_id));

insert into seq_institute_rates_id values(null);
INSERT INTO institute_rates (ACTIVE_FLAG,RATE_CLASS_CODE,RATE_TYPE_CODE,ACTIVITY_TYPE_CODE,FISCAL_YEAR,START_DATE,ON_OFF_CAMPUS_FLAG,RATE,UPDATE_TIMESTAMP,UPDATE_USER,UNIT_NUMBER,VER_NBR,OBJ_ID,INSTITUTE_RATE_ID)
values('Y',1,1,1,2019,"2019-07-01 00:00:00",'N',61.60,"2017-03-14 14:37:13",'admin','000001',1,UUID(),(SELECT max(id) FROM seq_institute_rates_id));

insert into seq_institute_rates_id values(null);
INSERT INTO institute_rates (ACTIVE_FLAG,RATE_CLASS_CODE,RATE_TYPE_CODE,ACTIVITY_TYPE_CODE,FISCAL_YEAR,START_DATE,ON_OFF_CAMPUS_FLAG,RATE,UPDATE_TIMESTAMP,UPDATE_USER,UNIT_NUMBER,VER_NBR,OBJ_ID,INSTITUTE_RATE_ID)
values('Y',1,1,2,2019,"2019-07-01 00:00:00",'N',61.60,"2017-03-14 14:37:13",'admin','000001',1,UUID(),(SELECT max(id) FROM seq_institute_rates_id));

insert into seq_institute_rates_id values(null);
INSERT INTO institute_rates (ACTIVE_FLAG,RATE_CLASS_CODE,RATE_TYPE_CODE,ACTIVITY_TYPE_CODE,FISCAL_YEAR,START_DATE,ON_OFF_CAMPUS_FLAG,RATE,UPDATE_TIMESTAMP,UPDATE_USER,UNIT_NUMBER,VER_NBR,OBJ_ID,INSTITUTE_RATE_ID)
values('Y',1,1,9,2019,"2019-07-01 00:00:00",'N',61.60,"2017-03-14 14:37:19",'admin','000001',1,UUID(),(SELECT max(id) FROM seq_institute_rates_id));

insert into seq_institute_rates_id values(null);
INSERT INTO institute_rates (ACTIVE_FLAG,RATE_CLASS_CODE,RATE_TYPE_CODE,ACTIVITY_TYPE_CODE,FISCAL_YEAR,START_DATE,ON_OFF_CAMPUS_FLAG,RATE,UPDATE_TIMESTAMP,UPDATE_USER,UNIT_NUMBER,VER_NBR,OBJ_ID,INSTITUTE_RATE_ID)
values('Y',1,1,4,2019,"2019-07-01 00:00:00",'N',61.60,"2017-03-14 14:37:19",'admin','000001',1,UUID(),(SELECT max(id) FROM seq_institute_rates_id));

insert into seq_institute_rates_id values(null);
INSERT INTO institute_rates (ACTIVE_FLAG,RATE_CLASS_CODE,RATE_TYPE_CODE,ACTIVITY_TYPE_CODE,FISCAL_YEAR,START_DATE,ON_OFF_CAMPUS_FLAG,RATE,UPDATE_TIMESTAMP,UPDATE_USER,UNIT_NUMBER,VER_NBR,OBJ_ID,INSTITUTE_RATE_ID)
values('Y',1,1,5,2019,"2019-07-01 00:00:00",'N',61.60,"2017-03-14 14:37:19",'admin','000001',1,UUID(),(SELECT max(id) FROM seq_institute_rates_id));

insert into seq_institute_rates_id values(null);
INSERT INTO institute_rates (ACTIVE_FLAG,RATE_CLASS_CODE,RATE_TYPE_CODE,ACTIVITY_TYPE_CODE,FISCAL_YEAR,START_DATE,ON_OFF_CAMPUS_FLAG,RATE,UPDATE_TIMESTAMP,UPDATE_USER,UNIT_NUMBER,VER_NBR,OBJ_ID,INSTITUTE_RATE_ID)
values('Y',1,1,6,2019,"2019-07-01 00:00:00",'N',61.60,"2017-03-14 14:37:19",'admin','000001',1,UUID(),(SELECT max(id) FROM seq_institute_rates_id));

insert into seq_institute_rates_id values(null);
INSERT INTO institute_rates (ACTIVE_FLAG,RATE_CLASS_CODE,RATE_TYPE_CODE,ACTIVITY_TYPE_CODE,FISCAL_YEAR,START_DATE,ON_OFF_CAMPUS_FLAG,RATE,UPDATE_TIMESTAMP,UPDATE_USER,UNIT_NUMBER,VER_NBR,OBJ_ID,INSTITUTE_RATE_ID)
values('Y',1,1,7,2019,"2019-07-01 00:00:00",'N',61.60,"2017-03-14 14:37:19",'admin','000001',1,UUID(),(SELECT max(id) FROM seq_institute_rates_id));

insert into seq_institute_rates_id values(null);
INSERT INTO institute_rates (ACTIVE_FLAG,RATE_CLASS_CODE,RATE_TYPE_CODE,ACTIVITY_TYPE_CODE,FISCAL_YEAR,START_DATE,ON_OFF_CAMPUS_FLAG,RATE,UPDATE_TIMESTAMP,UPDATE_USER,UNIT_NUMBER,VER_NBR,OBJ_ID,INSTITUTE_RATE_ID)
values('Y',1,1,1,2019,"2019-07-01 00:00:00",'F',61.60,"2017-03-14 14:37:19",'admin','000001',1,UUID(),(SELECT max(id) FROM seq_institute_rates_id));

insert into seq_institute_rates_id values(null);
INSERT INTO institute_rates (ACTIVE_FLAG,RATE_CLASS_CODE,RATE_TYPE_CODE,ACTIVITY_TYPE_CODE,FISCAL_YEAR,START_DATE,ON_OFF_CAMPUS_FLAG,RATE,UPDATE_TIMESTAMP,UPDATE_USER,UNIT_NUMBER,VER_NBR,OBJ_ID,INSTITUTE_RATE_ID)
values('Y',1,1,2,2019,"2019-07-01 00:00:00",'F',61.60,"2017-03-14 14:37:19",'admin','000001',1,UUID(),(SELECT max(id) FROM seq_institute_rates_id));

insert into seq_institute_rates_id values(null);
INSERT INTO institute_rates (ACTIVE_FLAG,RATE_CLASS_CODE,RATE_TYPE_CODE,ACTIVITY_TYPE_CODE,FISCAL_YEAR,START_DATE,ON_OFF_CAMPUS_FLAG,RATE,UPDATE_TIMESTAMP,UPDATE_USER,UNIT_NUMBER,VER_NBR,OBJ_ID,INSTITUTE_RATE_ID)
values('Y',1,1,9,2019,"2019-07-01 00:00:00",'F',61.60,"2017-03-14 14:37:19",'admin','000001',1,UUID(),(SELECT max(id) FROM seq_institute_rates_id));

insert into seq_institute_rates_id values(null);
INSERT INTO institute_rates (ACTIVE_FLAG,RATE_CLASS_CODE,RATE_TYPE_CODE,ACTIVITY_TYPE_CODE,FISCAL_YEAR,START_DATE,ON_OFF_CAMPUS_FLAG,RATE,UPDATE_TIMESTAMP,UPDATE_USER,UNIT_NUMBER,VER_NBR,OBJ_ID,INSTITUTE_RATE_ID)
values('Y',1,1,4,2019,"2019-07-01 00:00:00",'F',61.60,"2017-03-14 14:37:19",'admin','000001',1,UUID(),(SELECT max(id) FROM seq_institute_rates_id));

insert into seq_institute_rates_id values(null);
INSERT INTO institute_rates (ACTIVE_FLAG,RATE_CLASS_CODE,RATE_TYPE_CODE,ACTIVITY_TYPE_CODE,FISCAL_YEAR,START_DATE,ON_OFF_CAMPUS_FLAG,RATE,UPDATE_TIMESTAMP,UPDATE_USER,UNIT_NUMBER,VER_NBR,OBJ_ID,INSTITUTE_RATE_ID)
values('Y',1,1,5,2019,"2019-07-01 00:00:00",'F',61.60,"2017-03-14 14:37:13",'admin','000001',1,UUID(),(SELECT max(id) FROM seq_institute_rates_id));

insert into seq_institute_rates_id values(null);
INSERT INTO institute_rates (ACTIVE_FLAG,RATE_CLASS_CODE,RATE_TYPE_CODE,ACTIVITY_TYPE_CODE,FISCAL_YEAR,START_DATE,ON_OFF_CAMPUS_FLAG,RATE,UPDATE_TIMESTAMP,UPDATE_USER,UNIT_NUMBER,VER_NBR,OBJ_ID,INSTITUTE_RATE_ID)
values('Y',1,1,6,2019,"2019-07-01 00:00:00",'F',61.60,"2017-03-14 14:37:13",'admin','000001',1,UUID(),(SELECT max(id) FROM seq_institute_rates_id));

insert into seq_institute_rates_id values(null);
INSERT INTO institute_rates (ACTIVE_FLAG,RATE_CLASS_CODE,RATE_TYPE_CODE,ACTIVITY_TYPE_CODE,FISCAL_YEAR,START_DATE,ON_OFF_CAMPUS_FLAG,RATE,UPDATE_TIMESTAMP,UPDATE_USER,UNIT_NUMBER,VER_NBR,OBJ_ID,INSTITUTE_RATE_ID)
values('Y',1,1,7,2019,"2019-07-01 00:00:00",'F',61.60,"2017-03-14 14:37:13",'admin','000001',1,UUID(),(SELECT max(id) FROM seq_institute_rates_id));

insert into seq_institute_rates_id values(null);
INSERT INTO institute_rates (ACTIVE_FLAG,RATE_CLASS_CODE,RATE_TYPE_CODE,ACTIVITY_TYPE_CODE,FISCAL_YEAR,START_DATE,ON_OFF_CAMPUS_FLAG,RATE,UPDATE_TIMESTAMP,UPDATE_USER,UNIT_NUMBER,VER_NBR,OBJ_ID,INSTITUTE_RATE_ID)
values('Y',1,1,1,2020,"2020-07-01 00:00:00",'N',61.60,"2017-03-14 14:37:13",'admin','000001',1,UUID(),(SELECT max(id) FROM seq_institute_rates_id));

insert into seq_institute_rates_id values(null);
INSERT INTO institute_rates (ACTIVE_FLAG,RATE_CLASS_CODE,RATE_TYPE_CODE,ACTIVITY_TYPE_CODE,FISCAL_YEAR,START_DATE,ON_OFF_CAMPUS_FLAG,RATE,UPDATE_TIMESTAMP,UPDATE_USER,UNIT_NUMBER,VER_NBR,OBJ_ID,INSTITUTE_RATE_ID)
values('Y',1,1,2,2020,"2020-07-01 00:00:00",'N',61.60,"2017-03-14 14:37:13",'admin','000001',1,UUID(),(SELECT max(id) FROM seq_institute_rates_id));

insert into seq_institute_rates_id values(null);
INSERT INTO institute_rates (ACTIVE_FLAG,RATE_CLASS_CODE,RATE_TYPE_CODE,ACTIVITY_TYPE_CODE,FISCAL_YEAR,START_DATE,ON_OFF_CAMPUS_FLAG,RATE,UPDATE_TIMESTAMP,UPDATE_USER,UNIT_NUMBER,VER_NBR,OBJ_ID,INSTITUTE_RATE_ID)
values('Y',1,1,9,2020,"2020-07-01 00:00:00",'N',61.60,"2017-03-14 14:37:19",'admin','000001',1,UUID(),(SELECT max(id) FROM seq_institute_rates_id));

insert into seq_institute_rates_id values(null);
INSERT INTO institute_rates (ACTIVE_FLAG,RATE_CLASS_CODE,RATE_TYPE_CODE,ACTIVITY_TYPE_CODE,FISCAL_YEAR,START_DATE,ON_OFF_CAMPUS_FLAG,RATE,UPDATE_TIMESTAMP,UPDATE_USER,UNIT_NUMBER,VER_NBR,OBJ_ID,INSTITUTE_RATE_ID)
values('Y',1,1,4,2020,"2020-07-01 00:00:00",'N',61.60,"2017-03-14 14:37:19",'admin','000001',1,UUID(),(SELECT max(id) FROM seq_institute_rates_id));

insert into seq_institute_rates_id values(null);
INSERT INTO institute_rates (ACTIVE_FLAG,RATE_CLASS_CODE,RATE_TYPE_CODE,ACTIVITY_TYPE_CODE,FISCAL_YEAR,START_DATE,ON_OFF_CAMPUS_FLAG,RATE,UPDATE_TIMESTAMP,UPDATE_USER,UNIT_NUMBER,VER_NBR,OBJ_ID,INSTITUTE_RATE_ID)
values('Y',1,1,5,2020,"2020-07-01 00:00:00",'N',61.60,"2017-03-14 14:37:19",'admin','000001',1,UUID(),(SELECT max(id) FROM seq_institute_rates_id));

insert into seq_institute_rates_id values(null);
INSERT INTO institute_rates (ACTIVE_FLAG,RATE_CLASS_CODE,RATE_TYPE_CODE,ACTIVITY_TYPE_CODE,FISCAL_YEAR,START_DATE,ON_OFF_CAMPUS_FLAG,RATE,UPDATE_TIMESTAMP,UPDATE_USER,UNIT_NUMBER,VER_NBR,OBJ_ID,INSTITUTE_RATE_ID)
values('Y',1,1,6,2020,"2020-07-01 00:00:00",'N',61.60,"2017-03-14 14:37:19",'admin','000001',1,UUID(),(SELECT max(id) FROM seq_institute_rates_id));

insert into seq_institute_rates_id values(null);
INSERT INTO institute_rates (ACTIVE_FLAG,RATE_CLASS_CODE,RATE_TYPE_CODE,ACTIVITY_TYPE_CODE,FISCAL_YEAR,START_DATE,ON_OFF_CAMPUS_FLAG,RATE,UPDATE_TIMESTAMP,UPDATE_USER,UNIT_NUMBER,VER_NBR,OBJ_ID,INSTITUTE_RATE_ID)
values('Y',1,1,7,2020,"2020-07-01 00:00:00",'N',61.60,"2017-03-14 14:37:19",'admin','000001',1,UUID(),(SELECT max(id) FROM seq_institute_rates_id));

insert into seq_institute_rates_id values(null);
INSERT INTO institute_rates (ACTIVE_FLAG,RATE_CLASS_CODE,RATE_TYPE_CODE,ACTIVITY_TYPE_CODE,FISCAL_YEAR,START_DATE,ON_OFF_CAMPUS_FLAG,RATE,UPDATE_TIMESTAMP,UPDATE_USER,UNIT_NUMBER,VER_NBR,OBJ_ID,INSTITUTE_RATE_ID)
values('Y',1,1,1,2020,"2020-07-01 00:00:00",'F',61.60,"2017-03-14 14:37:19",'admin','000001',1,UUID(),(SELECT max(id) FROM seq_institute_rates_id));

insert into seq_institute_rates_id values(null);
INSERT INTO institute_rates (ACTIVE_FLAG,RATE_CLASS_CODE,RATE_TYPE_CODE,ACTIVITY_TYPE_CODE,FISCAL_YEAR,START_DATE,ON_OFF_CAMPUS_FLAG,RATE,UPDATE_TIMESTAMP,UPDATE_USER,UNIT_NUMBER,VER_NBR,OBJ_ID,INSTITUTE_RATE_ID)
values('Y',1,1,2,2020,"2020-07-01 00:00:00",'F',61.60,"2017-03-14 14:37:19",'admin','000001',1,UUID(),(SELECT max(id) FROM seq_institute_rates_id));

insert into seq_institute_rates_id values(null);
INSERT INTO institute_rates (ACTIVE_FLAG,RATE_CLASS_CODE,RATE_TYPE_CODE,ACTIVITY_TYPE_CODE,FISCAL_YEAR,START_DATE,ON_OFF_CAMPUS_FLAG,RATE,UPDATE_TIMESTAMP,UPDATE_USER,UNIT_NUMBER,VER_NBR,OBJ_ID,INSTITUTE_RATE_ID)
values('Y',1,1,9,2020,"2020-07-01 00:00:00",'F',61.60,"2017-03-14 14:37:19",'admin','000001',1,UUID(),(SELECT max(id) FROM seq_institute_rates_id));

insert into seq_institute_rates_id values(null);
INSERT INTO institute_rates (ACTIVE_FLAG,RATE_CLASS_CODE,RATE_TYPE_CODE,ACTIVITY_TYPE_CODE,FISCAL_YEAR,START_DATE,ON_OFF_CAMPUS_FLAG,RATE,UPDATE_TIMESTAMP,UPDATE_USER,UNIT_NUMBER,VER_NBR,OBJ_ID,INSTITUTE_RATE_ID)
values('Y',1,1,4,2020,"2020-07-01 00:00:00",'F',61.60,"2017-03-14 14:37:19",'admin','000001',1,UUID(),(SELECT max(id) FROM seq_institute_rates_id));

insert into seq_institute_rates_id values(null);
INSERT INTO institute_rates (ACTIVE_FLAG,RATE_CLASS_CODE,RATE_TYPE_CODE,ACTIVITY_TYPE_CODE,FISCAL_YEAR,START_DATE,ON_OFF_CAMPUS_FLAG,RATE,UPDATE_TIMESTAMP,UPDATE_USER,UNIT_NUMBER,VER_NBR,OBJ_ID,INSTITUTE_RATE_ID)
values('Y',1,1,5,2020,"2020-07-01 00:00:00",'F',61.60,"2017-03-14 14:37:13",'admin','000001',1,UUID(),(SELECT max(id) FROM seq_institute_rates_id));

insert into seq_institute_rates_id values(null);
INSERT INTO institute_rates (ACTIVE_FLAG,RATE_CLASS_CODE,RATE_TYPE_CODE,ACTIVITY_TYPE_CODE,FISCAL_YEAR,START_DATE,ON_OFF_CAMPUS_FLAG,RATE,UPDATE_TIMESTAMP,UPDATE_USER,UNIT_NUMBER,VER_NBR,OBJ_ID,INSTITUTE_RATE_ID)
values('Y',1,1,6,2020,"2020-07-01 00:00:00",'F',61.60,"2017-03-14 14:37:13",'admin','000001',1,UUID(),(SELECT max(id) FROM seq_institute_rates_id));

insert into seq_institute_rates_id values(null);
INSERT INTO institute_rates (ACTIVE_FLAG,RATE_CLASS_CODE,RATE_TYPE_CODE,ACTIVITY_TYPE_CODE,FISCAL_YEAR,START_DATE,ON_OFF_CAMPUS_FLAG,RATE,UPDATE_TIMESTAMP,UPDATE_USER,UNIT_NUMBER,VER_NBR,OBJ_ID,INSTITUTE_RATE_ID)
values('Y',1,1,7,2020,"2020-07-01 00:00:00",'F',61.60,"2017-03-14 14:37:13",'admin','000001',1,UUID(),(SELECT max(id) FROM seq_institute_rates_id));

insert into seq_institute_rates_id values(null);
INSERT INTO institute_rates (ACTIVE_FLAG,RATE_CLASS_CODE,RATE_TYPE_CODE,ACTIVITY_TYPE_CODE,FISCAL_YEAR,START_DATE,ON_OFF_CAMPUS_FLAG,RATE,UPDATE_TIMESTAMP,UPDATE_USER,UNIT_NUMBER,VER_NBR,OBJ_ID,INSTITUTE_RATE_ID)
values('Y',1,1,1,2021,"2021-07-01 00:00:00",'N',61.60,"2017-03-14 14:37:13",'admin','000001',1,UUID(),(SELECT max(id) FROM seq_institute_rates_id));

insert into seq_institute_rates_id values(null);
INSERT INTO institute_rates (ACTIVE_FLAG,RATE_CLASS_CODE,RATE_TYPE_CODE,ACTIVITY_TYPE_CODE,FISCAL_YEAR,START_DATE,ON_OFF_CAMPUS_FLAG,RATE,UPDATE_TIMESTAMP,UPDATE_USER,UNIT_NUMBER,VER_NBR,OBJ_ID,INSTITUTE_RATE_ID)
values('Y',1,1,2,2021,"2021-07-01 00:00:00",'N',61.60,"2017-03-14 14:37:13",'admin','000001',1,UUID(),(SELECT max(id) FROM seq_institute_rates_id));

insert into seq_institute_rates_id values(null);
INSERT INTO institute_rates (ACTIVE_FLAG,RATE_CLASS_CODE,RATE_TYPE_CODE,ACTIVITY_TYPE_CODE,FISCAL_YEAR,START_DATE,ON_OFF_CAMPUS_FLAG,RATE,UPDATE_TIMESTAMP,UPDATE_USER,UNIT_NUMBER,VER_NBR,OBJ_ID,INSTITUTE_RATE_ID)
values('Y',1,1,9,2021,"2021-07-01 00:00:00",'N',61.60,"2017-03-14 14:37:19",'admin','000001',1,UUID(),(SELECT max(id) FROM seq_institute_rates_id));

insert into seq_institute_rates_id values(null);
INSERT INTO institute_rates (ACTIVE_FLAG,RATE_CLASS_CODE,RATE_TYPE_CODE,ACTIVITY_TYPE_CODE,FISCAL_YEAR,START_DATE,ON_OFF_CAMPUS_FLAG,RATE,UPDATE_TIMESTAMP,UPDATE_USER,UNIT_NUMBER,VER_NBR,OBJ_ID,INSTITUTE_RATE_ID)
values('Y',1,1,4,2021,"2021-07-01 00:00:00",'N',61.60,"2017-03-14 14:37:19",'admin','000001',1,UUID(),(SELECT max(id) FROM seq_institute_rates_id));

insert into seq_institute_rates_id values(null);
INSERT INTO institute_rates (ACTIVE_FLAG,RATE_CLASS_CODE,RATE_TYPE_CODE,ACTIVITY_TYPE_CODE,FISCAL_YEAR,START_DATE,ON_OFF_CAMPUS_FLAG,RATE,UPDATE_TIMESTAMP,UPDATE_USER,UNIT_NUMBER,VER_NBR,OBJ_ID,INSTITUTE_RATE_ID)
values('Y',1,1,5,2021,"2021-07-01 00:00:00",'N',61.60,"2017-03-14 14:37:19",'admin','000001',1,UUID(),(SELECT max(id) FROM seq_institute_rates_id));

insert into seq_institute_rates_id values(null);
INSERT INTO institute_rates (ACTIVE_FLAG,RATE_CLASS_CODE,RATE_TYPE_CODE,ACTIVITY_TYPE_CODE,FISCAL_YEAR,START_DATE,ON_OFF_CAMPUS_FLAG,RATE,UPDATE_TIMESTAMP,UPDATE_USER,UNIT_NUMBER,VER_NBR,OBJ_ID,INSTITUTE_RATE_ID)
values('Y',1,1,6,2021,"2021-07-01 00:00:00",'N',61.60,"2017-03-14 14:37:19",'admin','000001',1,UUID(),(SELECT max(id) FROM seq_institute_rates_id));

insert into seq_institute_rates_id values(null);
INSERT INTO institute_rates (ACTIVE_FLAG,RATE_CLASS_CODE,RATE_TYPE_CODE,ACTIVITY_TYPE_CODE,FISCAL_YEAR,START_DATE,ON_OFF_CAMPUS_FLAG,RATE,UPDATE_TIMESTAMP,UPDATE_USER,UNIT_NUMBER,VER_NBR,OBJ_ID,INSTITUTE_RATE_ID)
values('Y',1,1,7,2021,"2021-07-01 00:00:00",'N',61.60,"2017-03-14 14:37:19",'admin','000001',1,UUID(),(SELECT max(id) FROM seq_institute_rates_id));

insert into seq_institute_rates_id values(null);
INSERT INTO institute_rates (ACTIVE_FLAG,RATE_CLASS_CODE,RATE_TYPE_CODE,ACTIVITY_TYPE_CODE,FISCAL_YEAR,START_DATE,ON_OFF_CAMPUS_FLAG,RATE,UPDATE_TIMESTAMP,UPDATE_USER,UNIT_NUMBER,VER_NBR,OBJ_ID,INSTITUTE_RATE_ID)
values('Y',1,1,1,2021,"2021-07-01 00:00:00",'F',61.60,"2017-03-14 14:37:19",'admin','000001',1,UUID(),(SELECT max(id) FROM seq_institute_rates_id));

insert into seq_institute_rates_id values(null);
INSERT INTO institute_rates (ACTIVE_FLAG,RATE_CLASS_CODE,RATE_TYPE_CODE,ACTIVITY_TYPE_CODE,FISCAL_YEAR,START_DATE,ON_OFF_CAMPUS_FLAG,RATE,UPDATE_TIMESTAMP,UPDATE_USER,UNIT_NUMBER,VER_NBR,OBJ_ID,INSTITUTE_RATE_ID)
values('Y',1,1,2,2021,"2021-07-01 00:00:00",'F',61.60,"2017-03-14 14:37:19",'admin','000001',1,UUID(),(SELECT max(id) FROM seq_institute_rates_id));

insert into seq_institute_rates_id values(null);
INSERT INTO institute_rates (ACTIVE_FLAG,RATE_CLASS_CODE,RATE_TYPE_CODE,ACTIVITY_TYPE_CODE,FISCAL_YEAR,START_DATE,ON_OFF_CAMPUS_FLAG,RATE,UPDATE_TIMESTAMP,UPDATE_USER,UNIT_NUMBER,VER_NBR,OBJ_ID,INSTITUTE_RATE_ID)
values('Y',1,1,9,2021,"2021-07-01 00:00:00",'F',61.60,"2017-03-14 14:37:19",'admin','000001',1,UUID(),(SELECT max(id) FROM seq_institute_rates_id));

insert into seq_institute_rates_id values(null);
INSERT INTO institute_rates (ACTIVE_FLAG,RATE_CLASS_CODE,RATE_TYPE_CODE,ACTIVITY_TYPE_CODE,FISCAL_YEAR,START_DATE,ON_OFF_CAMPUS_FLAG,RATE,UPDATE_TIMESTAMP,UPDATE_USER,UNIT_NUMBER,VER_NBR,OBJ_ID,INSTITUTE_RATE_ID)
values('Y',1,1,4,2021,"2021-07-01 00:00:00",'F',61.60,"2017-03-14 14:37:19",'admin','000001',1,UUID(),(SELECT max(id) FROM seq_institute_rates_id));

insert into seq_institute_rates_id values(null);
INSERT INTO institute_rates (ACTIVE_FLAG,RATE_CLASS_CODE,RATE_TYPE_CODE,ACTIVITY_TYPE_CODE,FISCAL_YEAR,START_DATE,ON_OFF_CAMPUS_FLAG,RATE,UPDATE_TIMESTAMP,UPDATE_USER,UNIT_NUMBER,VER_NBR,OBJ_ID,INSTITUTE_RATE_ID)
values('Y',1,1,5,2021,"2021-07-01 00:00:00",'F',61.60,"2017-03-14 14:37:13",'admin','000001',1,UUID(),(SELECT max(id) FROM seq_institute_rates_id));

insert into seq_institute_rates_id values(null);
INSERT INTO institute_rates (ACTIVE_FLAG,RATE_CLASS_CODE,RATE_TYPE_CODE,ACTIVITY_TYPE_CODE,FISCAL_YEAR,START_DATE,ON_OFF_CAMPUS_FLAG,RATE,UPDATE_TIMESTAMP,UPDATE_USER,UNIT_NUMBER,VER_NBR,OBJ_ID,INSTITUTE_RATE_ID)
values('Y',1,1,6,2021,"2021-07-01 00:00:00",'F',61.60,"2017-03-14 14:37:13",'admin','000001',1,UUID(),(SELECT max(id) FROM seq_institute_rates_id));

insert into seq_institute_rates_id values(null);
INSERT INTO institute_rates (ACTIVE_FLAG,RATE_CLASS_CODE,RATE_TYPE_CODE,ACTIVITY_TYPE_CODE,FISCAL_YEAR,START_DATE,ON_OFF_CAMPUS_FLAG,RATE,UPDATE_TIMESTAMP,UPDATE_USER,UNIT_NUMBER,VER_NBR,OBJ_ID,INSTITUTE_RATE_ID)
values('Y',1,1,7,2021,"2021-07-01 00:00:00",'F',61.60,"2017-03-14 14:37:13",'admin','000001',1,UUID(),(SELECT max(id) FROM seq_institute_rates_id));

insert into seq_institute_rates_id values(null);
INSERT INTO institute_rates (ACTIVE_FLAG,RATE_CLASS_CODE,RATE_TYPE_CODE,ACTIVITY_TYPE_CODE,FISCAL_YEAR,START_DATE,ON_OFF_CAMPUS_FLAG,RATE,UPDATE_TIMESTAMP,UPDATE_USER,UNIT_NUMBER,VER_NBR,OBJ_ID,INSTITUTE_RATE_ID)
values('Y',1,1,1,2022,"2022-07-01 00:00:00",'N',61.60,"2017-03-14 14:37:13",'admin','000001',1,UUID(),(SELECT max(id) FROM seq_institute_rates_id));

insert into seq_institute_rates_id values(null);
INSERT INTO institute_rates (ACTIVE_FLAG,RATE_CLASS_CODE,RATE_TYPE_CODE,ACTIVITY_TYPE_CODE,FISCAL_YEAR,START_DATE,ON_OFF_CAMPUS_FLAG,RATE,UPDATE_TIMESTAMP,UPDATE_USER,UNIT_NUMBER,VER_NBR,OBJ_ID,INSTITUTE_RATE_ID)
values('Y',1,1,2,2022,"2022-07-01 00:00:00",'N',61.60,"2017-03-14 14:37:13",'admin','000001',1,UUID(),(SELECT max(id) FROM seq_institute_rates_id));

insert into seq_institute_rates_id values(null);
INSERT INTO institute_rates (ACTIVE_FLAG,RATE_CLASS_CODE,RATE_TYPE_CODE,ACTIVITY_TYPE_CODE,FISCAL_YEAR,START_DATE,ON_OFF_CAMPUS_FLAG,RATE,UPDATE_TIMESTAMP,UPDATE_USER,UNIT_NUMBER,VER_NBR,OBJ_ID,INSTITUTE_RATE_ID)
values('Y',1,1,9,2022,"2022-07-01 00:00:00",'N',61.60,"2017-03-14 14:37:19",'admin','000001',1,UUID(),(SELECT max(id) FROM seq_institute_rates_id));

insert into seq_institute_rates_id values(null);
INSERT INTO institute_rates (ACTIVE_FLAG,RATE_CLASS_CODE,RATE_TYPE_CODE,ACTIVITY_TYPE_CODE,FISCAL_YEAR,START_DATE,ON_OFF_CAMPUS_FLAG,RATE,UPDATE_TIMESTAMP,UPDATE_USER,UNIT_NUMBER,VER_NBR,OBJ_ID,INSTITUTE_RATE_ID)
values('Y',1,1,4,2022,"2022-07-01 00:00:00",'N',61.60,"2017-03-14 14:37:19",'admin','000001',1,UUID(),(SELECT max(id) FROM seq_institute_rates_id));

insert into seq_institute_rates_id values(null);
INSERT INTO institute_rates (ACTIVE_FLAG,RATE_CLASS_CODE,RATE_TYPE_CODE,ACTIVITY_TYPE_CODE,FISCAL_YEAR,START_DATE,ON_OFF_CAMPUS_FLAG,RATE,UPDATE_TIMESTAMP,UPDATE_USER,UNIT_NUMBER,VER_NBR,OBJ_ID,INSTITUTE_RATE_ID)
values('Y',1,1,5,2022,"2022-07-01 00:00:00",'N',61.60,"2017-03-14 14:37:19",'admin','000001',1,UUID(),(SELECT max(id) FROM seq_institute_rates_id));

insert into seq_institute_rates_id values(null);
INSERT INTO institute_rates (ACTIVE_FLAG,RATE_CLASS_CODE,RATE_TYPE_CODE,ACTIVITY_TYPE_CODE,FISCAL_YEAR,START_DATE,ON_OFF_CAMPUS_FLAG,RATE,UPDATE_TIMESTAMP,UPDATE_USER,UNIT_NUMBER,VER_NBR,OBJ_ID,INSTITUTE_RATE_ID)
values('Y',1,1,6,2022,"2022-07-01 00:00:00",'N',61.60,"2017-03-14 14:37:19",'admin','000001',1,UUID(),(SELECT max(id) FROM seq_institute_rates_id));

insert into seq_institute_rates_id values(null);
INSERT INTO institute_rates (ACTIVE_FLAG,RATE_CLASS_CODE,RATE_TYPE_CODE,ACTIVITY_TYPE_CODE,FISCAL_YEAR,START_DATE,ON_OFF_CAMPUS_FLAG,RATE,UPDATE_TIMESTAMP,UPDATE_USER,UNIT_NUMBER,VER_NBR,OBJ_ID,INSTITUTE_RATE_ID)
values('Y',1,1,7,2022,"2022-07-01 00:00:00",'N',61.60,"2017-03-14 14:37:19",'admin','000001',1,UUID(),(SELECT max(id) FROM seq_institute_rates_id));

insert into seq_institute_rates_id values(null);
INSERT INTO institute_rates (ACTIVE_FLAG,RATE_CLASS_CODE,RATE_TYPE_CODE,ACTIVITY_TYPE_CODE,FISCAL_YEAR,START_DATE,ON_OFF_CAMPUS_FLAG,RATE,UPDATE_TIMESTAMP,UPDATE_USER,UNIT_NUMBER,VER_NBR,OBJ_ID,INSTITUTE_RATE_ID)
values('Y',1,1,1,2022,"2022-07-01 00:00:00",'F',61.60,"2017-03-14 14:37:19",'admin','000001',1,UUID(),(SELECT max(id) FROM seq_institute_rates_id));

insert into seq_institute_rates_id values(null);
INSERT INTO institute_rates (ACTIVE_FLAG,RATE_CLASS_CODE,RATE_TYPE_CODE,ACTIVITY_TYPE_CODE,FISCAL_YEAR,START_DATE,ON_OFF_CAMPUS_FLAG,RATE,UPDATE_TIMESTAMP,UPDATE_USER,UNIT_NUMBER,VER_NBR,OBJ_ID,INSTITUTE_RATE_ID)
values('Y',1,1,2,2022,"2022-07-01 00:00:00",'F',61.60,"2017-03-14 14:37:19",'admin','000001',1,UUID(),(SELECT max(id) FROM seq_institute_rates_id));

insert into seq_institute_rates_id values(null);
INSERT INTO institute_rates (ACTIVE_FLAG,RATE_CLASS_CODE,RATE_TYPE_CODE,ACTIVITY_TYPE_CODE,FISCAL_YEAR,START_DATE,ON_OFF_CAMPUS_FLAG,RATE,UPDATE_TIMESTAMP,UPDATE_USER,UNIT_NUMBER,VER_NBR,OBJ_ID,INSTITUTE_RATE_ID)
values('Y',1,1,9,2022,"2022-07-01 00:00:00",'F',61.60,"2017-03-14 14:37:19",'admin','000001',1,UUID(),(SELECT max(id) FROM seq_institute_rates_id));

insert into seq_institute_rates_id values(null);
INSERT INTO institute_rates (ACTIVE_FLAG,RATE_CLASS_CODE,RATE_TYPE_CODE,ACTIVITY_TYPE_CODE,FISCAL_YEAR,START_DATE,ON_OFF_CAMPUS_FLAG,RATE,UPDATE_TIMESTAMP,UPDATE_USER,UNIT_NUMBER,VER_NBR,OBJ_ID,INSTITUTE_RATE_ID)
values('Y',1,1,4,2022,"2022-07-01 00:00:00",'F',61.60,"2017-03-14 14:37:19",'admin','000001',1,UUID(),(SELECT max(id) FROM seq_institute_rates_id));

insert into seq_institute_rates_id values(null);
INSERT INTO institute_rates (ACTIVE_FLAG,RATE_CLASS_CODE,RATE_TYPE_CODE,ACTIVITY_TYPE_CODE,FISCAL_YEAR,START_DATE,ON_OFF_CAMPUS_FLAG,RATE,UPDATE_TIMESTAMP,UPDATE_USER,UNIT_NUMBER,VER_NBR,OBJ_ID,INSTITUTE_RATE_ID)
values('Y',1,1,5,2022,"2022-07-01 00:00:00",'F',61.60,"2017-03-14 14:37:13",'admin','000001',1,UUID(),(SELECT max(id) FROM seq_institute_rates_id));

insert into seq_institute_rates_id values(null);
INSERT INTO institute_rates (ACTIVE_FLAG,RATE_CLASS_CODE,RATE_TYPE_CODE,ACTIVITY_TYPE_CODE,FISCAL_YEAR,START_DATE,ON_OFF_CAMPUS_FLAG,RATE,UPDATE_TIMESTAMP,UPDATE_USER,UNIT_NUMBER,VER_NBR,OBJ_ID,INSTITUTE_RATE_ID)
values('Y',1,1,6,2022,"2022-07-01 00:00:00",'F',61.60,"2017-03-14 14:37:13",'admin','000001',1,UUID(),(SELECT max(id) FROM seq_institute_rates_id));

insert into seq_institute_rates_id values(null);
INSERT INTO institute_rates (ACTIVE_FLAG,RATE_CLASS_CODE,RATE_TYPE_CODE,ACTIVITY_TYPE_CODE,FISCAL_YEAR,START_DATE,ON_OFF_CAMPUS_FLAG,RATE,UPDATE_TIMESTAMP,UPDATE_USER,UNIT_NUMBER,VER_NBR,OBJ_ID,INSTITUTE_RATE_ID)
values('Y',1,1,7,2022,"2022-07-01 00:00:00",'F',61.60,"2017-03-14 14:37:13",'admin','000001',1,UUID(),(SELECT max(id) FROM seq_institute_rates_id));

commit;